filename,spectral_bandwidth,spectral_contrast,bpm,wav_30_to_40
"#1f1e33 (Another long ''''#ant1p01e'''' version) - - 1.''''#ant1p01e'''' version(Av976702292,P1).mp3",2757.434878637768,20.910095550755468,123.046875,-67.058266
01 ｉｎ　ｆａｃｔ.wav,2038.8066309248502,24.45085535145138,83.35433467741936,-72.51113
"1.【ゆいこんぬ】地球最后的告白(Av515192,P1).mp3",2708.088335455534,22.45495701289754,95.703125,-62.54677
Ad astra per aspera.flac,2982.7538904088624,20.67679087649271,99.38401442307692,-67.31927
Angel (feat. 可不)-猫乃ルル.mp3,2783.4020706894403,22.97294242489897,161.4990234375,-74.63289
Awake Now 小豆沢 こはね アナザーボーカル プロセカ.flac,2806.0934697227945,21.726694918013127,117.45383522727273,-65.92014
BetoRtallu - かたぎり(katagiri) - STRONG 280（Long ver.）.mp3,2945.134656337416,19.755478655887135,92.28515625,-56.701496
Beyond the way ⧸ Vivid BAD SQUAD × 初音ミク.flac,2762.9375950726635,21.003332303641255,123.046875,-66.91388
"C-Show VS DJ Genki - BLACK LABEL - 1.C-Show VS DJ Genki - BLACK LABEL(Av947212375,P1).mp3",2861.2991314570236,20.073386168979024,172.265625,-67.4071
DJ Myosuke & Gram & t+pazolite - Σ.wav,2778.6927108961263,19.485807099921658,112.34714673913044,-58.908596
"DJ Myosuke - Behemoth (Extended Mix)【太鼓の達人】 - 1.DJ Myosuke - Behemoth (Extended Mix)【太(Av439269572,P1).mp3",3006.071006875589,19.20098789695008,95.703125,-63.960464
"DJ Myosuke - Virtual Euphoria【HARDCORE TANO_C】 - 1.DJ Myosuke - Virtual Euphoria【HARDCORE(Av693544487,P1).mp3",2713.2954302997477,19.647618480541677,172.265625,-68.54859
Elemental Creation (kamome sano Remix) - kamome sano.wav,2481.8043441522427,22.300511749169242,129.19921875,-70.629005
"Gram VS Kobaryo - Yggdrasil - 1.Gram VS Kobaryo - Yggdrasil【The Requie(Av499586562,P1).mp3",2508.5942546959636,21.21792667198865,99.38401442307692,-64.29404
Hellfish - Doctor Beak.mp3,2571.692066927039,19.322499563870142,99.38401442307692,-60.706593
Hellfish - The Decimator.mp3,2918.96365757908,19.33889282781662,107.666015625,-64.53973
Igneon System & Karbyde - TriggerFinger.mp3,2580.2258854636157,19.56428348382132,172.265625,-68.10427
"INTERNET OVERDOSE - ちのい （cover） - 1.INTERNET OVERDOSE - ちのい （cover）(Av482098543,P1).mp3",2967.5821525136726,22.60778282349696,161.4990234375,-68.51035
"INTERNET YAMERO _ covered by 藍月なくる - 1.INTERNET YAMERO _ covered by 藍月なくる(Av569023930,P1).mp3",2876.527499922367,21.230176053997166,92.28515625,-67.494
Kakeru - Do you love me？ (feat. りんたる).wav,2764.5247978423336,21.35985109238053,151.99908088235293,-64.81593
Kill 'Em All.wav,2674.8772852441425,19.576279714863702,92.28515625,-70.33804
"Kobaryo - Glitched Character - 1.Kobaryo - Glitched Character-s4KeHXqVb(Av671656787,P1).mp3",3027.982119377176,20.44850230805981,112.34714673913044,-68.810715
Kobaryo - SUPER REACTOR X [feat. HiTNEX-X].flac,3010.9213246673316,20.406707598851618,151.99908088235293,-63.394314
Kobaryo feat. Srezcat - Darkmoon Dissolve.flac,2677.424399755909,21.06740272251949,103.359375,-67.85586
Laur - Chaos Emperor.mp3,2773.2377889387067,19.89677962017175,95.703125,-64.54655
"Laur - DANGEROOOOUS JUNGLE (Extended) - 1.Laur - DANGEROOOOUS JUNGLE (Extended)(Av605133296,P1).mp3",2902.711048045847,19.58905539399507,161.4990234375,-64.753426
"Laur - Viyella's Nightmare - 1.Laur - Viyella’s Nightmare [2nd Album (Av808180859,P1).mp3",2859.3181264794353,20.42787467154225,112.34714673913044,-63.08749
Let's Rock.flac,2882.5903945529594,19.799259923571853,103.359375,-59.727066
"OTOMEROID - ちのい （cover） - 1.OTOMEROID - ちのい （cover）(Av352049886,P1).mp3",2479.98720176176,22.388546636237013,129.19921875,-71.56726
"OZIGIRI - ぼっち・ざ・ぐらいんど！ BOCCHI THE GRIND! - 1.OZIGIRI - ぼっち・ざ・ぐらいんど！ BOCCHI THE GRIN(Av476954412,P1).mp3",2842.4868696076255,19.42934916500084,117.45383522727273,-50.122715
Palace of Melancholia ⧸ かたぎり [Corsace Open Grand Finals Tiebreaker].flac,2786.677989341365,19.86632540874293,112.34714673913044,-65.740486
PaⅢ.SENSATION ⧸ Vivid BAD SQUAD × 初音ミク × 鏡音リン.flac,2769.497398054492,21.2089689023825,184.5703125,-65.210724
RAPHIIEL - Ведьма Ведьма Ведьма!.flac,2811.3402795362476,21.741625149577192,89.10290948275862,-65.88494
"Rejection - Signal (ft. SUCH) _ Future Core 2020 - 1.Rejection - Signal (ft. SUCH) - Future(Av330120766,P1).mp3",2791.2057385609505,21.80412960194765,117.45383522727273,-67.394104
"rejection - もう一回をエンドレス feat. 中村さんそ - 1.rejection - もう一回をエンドレス feat. 中村さんそ(Av79877357,P1).mp3",2765.528785906561,22.372583181985622,89.10290948275862,-68.1926
RVOLT - Out Of Control.mp3,3020.553702621878,18.979875034423834,99.38401442307692,-67.52104
"SHIKI _ Pure Ruby  [Long Version] - 1.pure_1920(Av973146424,P1).mp3",2694.694801675453,21.566569755779636,117.45383522727273,-69.124176
Shuhei __Imperial Circus Dead Decadence- _黄泉より聴こゆ.mp3,2891.4565216435144,21.296826145209458,112.34714673913044,-67.06395
"Silentroom vs Frums - Aegleseeker (Cansol Piano Ar - 1.Silentroom vs Frums - Aegleseeker (Can(Av973005026,P1).mp3",901.2403594044328,26.951266291644274,92.28515625,-72.283264
"Sobrem × Silentroom - Random _ BOFXVII Team [Clue] - 1.Random_youtube (1)(Av719068400,P1).mp3",2719.5748283546422,21.413435281991582,129.19921875,-63.721928
"somunia - 飴色の微熱【cc字幕】 - 1.somunia - 飴色の微熱(Av427584879,P1).mp3",2601.329769253603,21.125498703176333,117.45383522727273,-67.374275
"SOS - 桃寝ちのい （cover） - 1.SOS - 桃寝ちのい （cover）(Av823083339,P1).mp3",2846.865737836339,22.406326731313758,135.99917763157896,-70.77656
STEREOTYPE - Abracadabra - (PsyCore Series No.1) (320 kbps).mp3,2551.4770217217756,21.18600005985722,161.4990234375,-74.22734
Strange Arrival - Bruford.mp3,2715.5522163213,20.268825295461966,161.4990234375,-69.865074
Strange Arrival - Dissolve.mp3,2840.3009191381398,19.625261526970036,161.4990234375,-60.457985
Strange Arrival - Interior Deterioration.mp3,2739.1095146165853,19.88529495028363,151.99908088235293,-65.71627
Strange Arrival - Plastic Death.mp3,2679.5305971681723,19.727648981008162,172.265625,-61.446865
"t+pazolite - Cheatreal #TPZREMAKE - 1.t+pazolite - Cheatreal #TPZREMAKE-3hPf(Av247499138,P1).mp3",2768.3749836027073,20.278528485793775,99.38401442307692,-59.236324
"Toby Fox - MEGALOVANIA (Camellia Remix) - 1.videoplayback_Mux(Av67778046,P1).mp3",2674.913977266349,20.847351024709432,123.046875,-60.67298
"USAO - Big Daddy - 1.USAO - Big Daddy(Av53583384,P1).mp3",2773.963178448667,19.842120361831032,95.703125,-66.03283
"USAO-WildFire - 1.USAO-WildFire(Av507336583,P1).mp3",2936.6095896343545,19.769338643920804,103.359375,-62.8734
"[Afflict] Determination feat.棗いつき - Laur - 1.Laur - Determination feat.棗いつき(Av718955077,P1).mp3",2633.568317614582,22.00969923270636,161.4990234375,-60.674774
"[A]ddiction _ GigaReol×EVO+ - 1.1(Av3232086,P1).mp3",2866.1232814406335,21.36895872609715,161.4990234375,-65.59028
"[Bassline Yatteru LOL] ベースラインやってる？笑 - Camellia (Fe - 1.繁体中文字幕(Av48101721,P1).mp3",2718.7176499885863,21.85124003258472,129.19921875,-63.45876
"[まどそふと] 【ハミダシクリエイティブ凸 あすみED】トキラキメキ【公式・FULL】 ボーカル：ヒ - 1.【ハミダシクリエイティブ凸 あすみED】トキラキメキ【公式・FULL】 ボー(Av692661650,P1).mp3",2684.675041414058,22.597416151713645,135.99917763157896,-68.45956
[アナザーVER] ひつじがいっぴき (Hitsuji ga Ippiki) ⧸ 小豆沢こはね (Vivid BAD SQUAD) 歌詞 Lyrics プロセカ.flac,2460.9293088167,22.17648835729817,135.99917763157896,-66.574036
"[碧蓝档案]兔兔小队OST113 - 1.[Blue Archive] Theme 113(Av768194583,P1).mp3",2714.15961137237,21.624574716910384,172.265625,-70.07826
"▶︎少女レイ (cover) _兔子[めありー] - 1.少女レイ20180727youtubemst(Av32538951,P1).mp3",2625.558583526574,22.43048159174306,151.99908088235293,-70.503654
"「Future Funk」tomatoism - Ｓｏｍｅｏｎｅ Ｓｐｅｃｉａｌ - 1.「Future Funk」tomatoism - Ｓｏｍｅｏｎｅ Ｓｐｅｃｉ(Av378294129,P1).mp3",2113.7243714175866,22.19158037396014,143.5546875,-71.53841
"「Memento Mori手游」完整版抒情诗合集（1080P_320K_中字） - 1.小熊（Song by Koresawa）索尔缇娜（南条爱乃）(Av300361986,P1).mp3",2162.5202850390883,23.817239921186886,151.99908088235293,-70.94018
"「Memento Mori手游」完整版抒情诗合集（1080P_320K_中字） - 10.篝火（Song by konoco）琳恩（村上奈津实）(Av300361986,P10).mp3",2623.5690582367,23.55123351671353,103.359375,-70.31513
"「Memento Mori手游」完整版抒情诗合集（1080P_320K_中字） - 2.Ⅶ. THE RUST（Song by 茅原实里）A.A.（茅原实里）(Av300361986,P2).mp3",2414.926485108368,24.215056306746277,103.359375,-74.273964
"「Memento Mori手游」完整版抒情诗合集（1080P_320K_中字） - 3.X. THE FLOWER （Song by 小仓唯）娜塔夏（小仓唯）(Av300361986,P3).mp3",2484.9822824542184,23.55572052614797,161.4990234375,-75.23117
"「Memento Mori手游」完整版抒情诗合集（1080P_320K_中字） - 33.红洋装（Song by 叶月由罗）艾薇（古贺葵）(Av300361986,P33).mp3",2661.871287433829,23.04752745015724,123.046875,-63.747883
"「Memento Mori手游」完整版抒情诗合集（1080P_320K_中字） - 39.Dokie Doggy Night（Song by alfakyun） 墨(Av300361986,P39).mp3",2464.8323153315705,23.45860227318486,123.046875,-65.18384
"「Memento Mori手游」完整版抒情诗合集（1080P_320K_中字） - 41.热情的埃达（Song by Mewhan）索尼娅（五十岚裕美）(Av300361986,P41).mp3",2688.7400283656716,22.48632532340963,129.19921875,-67.7345
"「Memento Mori手游」完整版抒情诗合集（1080P_320K_中字） - 7.今天的我不一定是昨天的我（Song by 黑云）卡罗（立花日菜）(Av300361986,P7).mp3",2167.4883036374954,25.248058478913624,172.265625,-72.72471
"「Memento Mori手游」完整版抒情诗合集（1080P_320K_中字） - 8.困惑星旅行（Song by 芹泽优）妮娜（芹泽优）(Av300361986,P8).mp3",2410.8192810201585,24.144075212541882,143.5546875,-74.84857
"「不埒な喝采」  covered by 跳亜【cc字幕】 - 1.【歌ってみた】「不埒な喝采」  covered by 跳亜(Av810542096,P1).mp3",2520.8249435383086,23.602642428630443,161.4990234375,-66.872665
"「吉他与孤独与蓝色星球」第五集live部分插曲—結束バンド【孤独摇滚】 - 1.ギターと孤独と蒼い惑星(Av562317092,P1).mp3",2265.5626165488293,22.41718274366003,95.703125,-60.446686
"「有什么不好」—結束バンド【孤独摇滚】 - 1.【中日歌词_完整版】孤独摇滚ED3「有什么不好」—結束バンド【孤独摇滚】(Av475500353,P1).mp3",2217.1272827749453,23.281016480569228,123.046875,-65.43948
"「绝不会忘记」结束乐队／ TVアニメ「孤独摇滚」第12話劇中曲 - 1.【中日歌词_官方MV】「绝不会忘记」结束乐队／ TVアニメ「孤独摇滚」第12(Av521724987,P1).mp3",2530.68372388128,21.76959296265998,92.28515625,-60.098316
"「若能化作星座」结束乐队／ tvアニメ「孤独摇滚」第12話劇中曲 - 1.【中日歌词_官方MV】「若能化作星座」结束乐队／ tvアニメ「孤独摇滚」第1(Av221640134,P1).mp3",2696.765137994051,22.083343515834738,123.046875,-64.6068
"『MAD 中日歌詞』 劇場版 遊戲人生 Zero 主題曲： THERE IS A REASON -  - 1.1(Av16040894,P1).mp3",2267.893056134036,24.3469765989325,135.99917763157896,-69.71488
"『中日歌詞付き』 譚雅戦記ED1 FULL - Los! Los! Los! - 悠木碧 - 1.『Lyrics Video - 中日歌詞付き』 幼女戦記 Youjo Sen(Av9081138,P1).mp3",2267.301299920541,21.387004958218313,117.45383522727273,-56.663853
"『音击』ONGEKI Sound Collection 06「Transcend Lights」／赤 - 1.01.Transcend Lights(Av379997392,P1).mp3",2818.2254224818903,22.238578805343316,103.359375,-65.014114
"【Arcaea】C-Show - GIMME DA BLOOD - 1.【Arcaea】C-Show - GIMME DA BLOOD(Av972121198,P1).mp3",2864.988264574423,19.7395470956378,112.34714673913044,-68.176285
"【BGA】 彁 - LeaF - 1.彁(Av247469165,P1).mp3",2605.7297630847274,22.990412561816054,107.666015625,-71.987724
"【BOFU2016】Alice in Misanthrope - LeaF - 1.【BOFU2016】 Alice in Misanthrope -厭世アリス(Av7761098,P1).mp3",2751.433753955505,21.532433423003965,172.265625,-63.55235
"【BOFU2017】 Lyrith -迷宮Lilith- 【FRENZ2017】 - 1.1(Av15249569,P1).mp3",2573.0691705374716,22.13729242945978,89.10290948275862,-62.042564
【BOFXVII】 Lidelle x Sobrem x Sennzai - self-dissociation【BGA】.flac,2646.2273043860555,21.390583164826968,95.703125,-71.08831
【BOFXVII】saaa ft. MC iwata Bros. - Head BONK ache【BGA】.wav,2846.322091046609,19.801378936238148,161.4990234375,-70.10279
【BOFXVI】Angel's Salad【BGA】.flac,2562.8266852178194,19.228822776196512,117.45383522727273,-63.73166
"【BOF_ET】Sobrem - slic.hertz - 1.video_20221003_083035_edit(Av516191809,P1).mp3",2673.2710118154137,20.867538203716123,143.5546875,-65.284744
"【BSWC 2022 Grand Finals Tiebreaker】Kry.exe feat. I - 1.【BSWC 2022 Grand Finals Tiebreaker】Kry(Av514682052,P1).mp3",2875.377699906514,20.68444483209716,117.45383522727273,-62.20736
"【cc字幕】透明な呼吸  somunia × ヰ世界情緒 - 1.透明な呼吸  somunia × ヰ世界情緒(Av287181202,P1).mp3",2641.47407393113,22.793862757996344,161.4990234375,-72.99175
"【flower】猛毒【かいりきベア】 - 1.ベノム _ flower - niconico動畫(Av28356844,P1).mp3",2275.4568619995853,22.239739274536483,151.99908088235293,-59.49836
"【FRENZ2013】 B.B.K.K.B.K.K. 【BOF2013】 - 1.1(Av770385,P1).mp3",2862.078323880439,21.25916177389937,172.265625,-55.913754
"【Full MV】逆行して逃避行 - BlackY feat. Risa Yuzuki - 1.【Full MV】逆行して逃避行 _ Risa Yuzuki(Av501639085,P1).mp3",2525.6234270884106,23.33204095859844,135.99917763157896,-61.819824
"【Giga & KIRA】GETCHA!【本家演唱 ver.】 - 1.Giga & KIRA - GETCHA! (Self Cover ver.(Av754722305,P1).mp3",2678.50724489797,21.59305068529902,129.19921875,-67.20388
"【Giga · q_Left】G4L (完整版)【YouTube Music ver.】 - 1.G4L(Av673284810,P1).mp3",2569.0034666499278,21.81795333157067,143.5546875,-65.26549
"【Giga】CH4NGE【本家演唱／中文CC字幕】 - 1.Giga - CH4NGEをうたいました (Self Cover) [MCY(Av295162306,P1).mp3",2766.607297003464,21.714763646132788,117.45383522727273,-67.70398
"【Mili】Ga1ahad and Scientific Witchery （加拉哈德1号与科学性巫 - 1.1(Av3838286,P1).mp3",2307.06197356682,23.529638376075685,83.35433467741936,-71.444984
"【Mili】Vitamins--  Mili feat World s end girlfriend - 1.Vitamins--Mili feat World s end girlfr(Av38560371,P1).mp3",2409.0315087577433,23.35159599690609,95.703125,-71.39739
"【MV】Löschen (Long ver.) - BlackY feat. Risa Yuzuki - 1.[Risa Yuzuki] Loschen_FIX(Av722907250,P1).mp3",2697.2556930456353,22.564176864254698,123.046875,-65.273476
"【Official Audio】Duplicity Shade _ HyuN feat. Sennz - 1.tst(Av642129802,P1).mp3",2587.954573792999,21.627146972417588,112.34714673913044,-68.06126
"【OWC2021 Grand Finals Tiebreaker】Yooh - RPG - 1.[osu!] Yooh - RPG (OWC2021 Grand Final(Av634326949,P1).mp3",2955.306106799347,20.26487775653462,107.666015625,-64.86594
"【PV】twinkle night 【somunia solo ver】 - 1.twinkle night [somunia solo ver_PV](72(Av795945802,P1).mp3",2908.7922405902054,21.459878810072325,86.1328125,-67.15232
"【somunia熟肉】[ cover ] nekomeshi - やくしまるえつこ _ somuni - 1.[ cover ] nekomeshi - やくしまるえつこ _ somun(Av64059468,P1).mp3",2697.0854570682604,22.806663401085167,117.45383522727273,-73.939095
"【somunia熟肉】食虫植物 - 理芽  somunia - 1.【 cover 】食虫植物 - 理芽 _x264(Av928162828,P1).mp3",2494.361748035778,23.31775517855203,123.046875,-70.609024
"【USAO】Try again【Bright Colors 4】 - 1.1(Av17716422,P1).mp3",2807.1609251837413,20.9408589172415,86.1328125,-64.266495
"【V.W.P】《言霊_言灵》 _ V.W.P #6【Original MV】 - 1.言霊_220117_zhang(Av253310569,P1).mp3",2264.4023785529166,24.03051335521988,86.1328125,-62.626835
"【ななひら】INTERNET OVERDOSE - 1.【ななひら】INTERNET OVERDOSE(Av893089617,P1).mp3",2910.4207534871757,22.84730854563922,161.4990234375,-62.92427
"【めぐ】Flyer! - 1.【オリジナルMV】「Flyer! 」歌ってみたver.めぐ - ニコニコ動画(Av767684721,P1).mp3",2528.2726886988908,23.046383864806234,95.703125,-60.306942
"【れい】吐出 - 1.はきだすを歌いました - ニコニコ動画(Av16454782,P1).mp3",2503.7781118201847,22.347535492819524,112.34714673913044,-53.5748
"【ナースロボ＿タイプＴ Caramel Act.2】たぶん _ 大概【UTAU cover +UST - 1.たぶん(Av796569992,P1).mp3",2033.0600124875784,23.89752187221979,89.10290948275862,-73.30559
"【ナースロボ＿タイプＴ Sugar】あなたクランケン【UTAU音源配布】 - 1.2(Av291477249,P1).mp3",2331.2441800426836,22.623839555413745,135.99917763157896,-67.16901
"【ナースロボ＿タイプＴ】milk【UTAUcover】 - 1.milk(Av632543544,P1).mp3",2191.405965744016,22.411608818024092,112.34714673913044,-68.935936
"【ナースロボ＿タイプＴ】Penguin's Detour【UTAUcover】 - 1.1(Av248375142,P1).mp3",2234.926831365253,21.72836491992533,123.046875,-66.738945
"【中文字幕】somunia - Emerge - 1.somunia - Emerge_x264(Av382679438,P1).mp3",2145.2958962570888,23.60901476855647,143.5546875,-73.921936
"【中文字幕】somunia - Unstep feat.ケンモチヒデフミ - 1.somunia - Unstep feat.ケンモチヒデフミ_x264(Av722833489,P1).mp3",2487.41198711075,21.912189928018023,117.45383522727273,-68.31242
"【中日字幕】INTERNET OVERDOSE _ covered by 藍月なくる - 1.INTERNET OVERDOSE _ covered by 藍月なくる_A(Av254097540,P1).mp3",2672.151127701383,22.65644617427599,161.4990234375,-62.155396
"【偶像大师音乐】 はじめてのチュウ 赤城みりあcv_黒沢ともよ - 1.【偶像大师音乐】 はじめてのチュウ 赤城みりあcv_黒沢ともよ(Av98634874,P1).mp3",2407.9507831567616,24.980626554727667,107.666015625,-72.26883
"【初音ミク ＆ 可不】成为空【MIMI】 - 1.P1(Av295707376,P1).mp3",2305.959582555063,23.927879611872047,83.35433467741936,-73.30273
"【奥术魔刃 House】ぱすたすきゃっと _ ななひら(Cover_) - 1.【奥术魔刃 House】ぱすたすきゃっと _ ななひら(Cover-)_ne(Av584260110,P1).mp3",2849.280503745744,21.40097587323099,129.19921875,-64.86075
"【官方MV_中日特效字幕】那个乐队「あのバンド」_ 孤独摇滚第八话插曲 - 1.【官方MV_中日特效字幕】那个乐队「あのバンド」_ 孤独摇滚第八话插曲(Av690575311,P1).mp3",2481.3424874221573,21.841930752599854,95.703125,-66.863884
"【官方】King Gnu - 《Prayer X》MV（动画《战栗杀机》ED） - 1.Prayer X_fin0911(Av678263203,P1).mp3",2037.394789247754,22.381719146056263,86.1328125,-69.85654
"【官方】King Gnu - 《三文小说》MV（日剧《35岁的少女》主题曲） - 1.KG_SS_H264_4K_1102(Av508903187,P1).mp3",2054.806352707028,22.91341460171138,89.10290948275862,-68.490326
"【官方】King Gnu - 《白日》MV（日剧《冤罪律师》主题曲） - 1.KG_HAKUJITSU_H264_0210final(Av465676178,P1).mp3",2237.428200406771,22.10518260791232,92.28515625,-67.278
"【官方】King Gnu - 《飞行艇》MV - 1.HIKOUTEI_MASTER_0809fin(Av978670080,P1).mp3",2517.8940151079,21.2524662552003,80.74951171875,-69.68348
"【异世界情绪】#03 《物語りのワルツ_叙述者的华尔兹》原创歌曲MV - 1.【情】叙述者的华尔兹(Av91058373,P1).mp3",2433.373213611406,22.455810003202398,112.34714673913044,-73.49512
"【异世界情绪】#05 《ハイドレンジア_绣球花》原创歌曲MV - 1.【情】绣球花(Av243752757,P1).mp3",2306.138488810184,22.76435119401981,135.99917763157896,-65.59966
"【异世界情绪】#06 《いろはに咲きて_盛开于伊吕波》原创歌曲MV - 1.【情】盛开于伊吕波(Av839098911,P1).mp3",2513.401074003484,21.9424612439846,143.5546875,-67.04325
"【异世界情绪】#07 《とめどなき白情_无法停止的白情》原创歌曲MV - 1.（中字）とめどなき白情(Av584957022,P1).mp3",2474.3499419529066,21.989662539949176,86.1328125,-66.08607
"【异世界情绪】#10《シリウスの心臓_天狼星的心脏》 - 1.【中字】天狼星的心脏(Av245856254,P1).mp3",2124.1148088245845,25.20802653039172,112.34714673913044,-70.763855
"【异世界情绪】#13 「深渊 feat.花谱」原创歌曲MV - 1.【情绪】深渊(Av376208729,P1).mp3",2541.961519820982,21.713869840530474,151.99908088235293,-64.84974
"【异世界情绪】#15 《ディメンション_DIMENSION》原创歌曲MV - 1.ディメンション_zhang2(Av633503357,P1).mp3",2826.8929950940715,21.859676109196073,92.28515625,-67.70067
"【异世界情绪】#24 《霞がついてくる_雾霭相随》原创歌曲MV - 1.211207_zhang(Av549651069,P1).mp3",2345.2041205672904,22.71688955897683,129.19921875,-67.842575
"【异世界情绪】#28 《パンドラコール_PANDORA CALL》原创歌曲MV - 1.【异世界情绪】#28 《パンドラコール_PANDORA CALL》原创歌曲M(Av772179521,P1).mp3",2621.0352552209556,22.020315430150973,129.19921875,-67.38491
"【异世界情绪】【音楽的同位体星界】とこしずめ_地镇 ヰ世界情緒 feat. 星界 - 1.【异世界情绪】【音楽的同位体星界】とこしずめ_地镇 ヰ世界情緒 feat. (Av433315834,P1).mp3",2577.536400868081,20.897110624071416,92.28515625,-70.262375
"【异世界情绪】【音楽的同位体星界】異星にいこうね_去往异星吧 ヰ世界情緒 feat. 星界 - 1.【异世界情绪】【音楽的同位体星界】異星にいこうね_去往异星吧 ヰ世界情緒 f(Av262779075,P1).mp3",2452.040929470886,21.398833538544306,95.703125,-71.96767
"【异世界情绪】日文翻唱《ADAM》 - 1.【情绪】ADAM(Av375730284,P1).mp3",2521.7355455959596,21.4245483916162,117.45383522727273,-65.90041
"【异世界情绪】日文翻唱《V〈Re-birth version〉》 - 1.ヰ世界情緒_V（中文字幕）(Av969959488,P1).mp3",2483.7604723861505,22.8448466744167,99.38401442307692,-70.84921
"【异世界情绪】日文翻唱《あだぽしゃ_尸蜡》 - 1.ヰ世界情緒_あだぽしゃ_zhang(Av766467956,P1).mp3",2366.6560312370293,22.734650141778985,107.666015625,-70.422714
"【异世界情绪】日文翻唱《アイデンティティ_Identity》 - 1.ヰ世界情緒_アイデンティティ_zhang(Av640211866,P1).mp3",2579.7948560170853,22.606000535305334,129.19921875,-69.88894
【异世界情绪】日文翻唱《アンノウン・マザーグース_不为人知的鹅妈妈童谣》.mp3,2628.8635400163894,23.090453187303076,112.34714673913044,-71.68552
"【异世界情绪】日文翻唱《カミノコトバ_神的话语》 - 1.【情】神的话语(Av843779161,P1).mp3",2003.5361751611124,22.819858106361135,112.34714673913044,-70.978065
"【异世界情绪】日文翻唱《ギャラリア_画廊》 - 1.ヰ世界情緒_ギャラリア_zhang(Av553398807,P1).mp3",2329.8550789613687,21.695770597240585,103.359375,-73.816124
"【异世界情绪】日文翻唱《パノプティコン_圆形监狱》 - 1.ヰ世界情緒_パノプティコン_zhang(Av509276622,P1).mp3",2643.5658966316246,21.106183612657063,117.45383522727273,-68.174904
"【异世界情绪】日文翻唱《レイニーブーツ_Rainy Boots》 - 1.ヰ世界情緒_レイニーブーツ_zhang(Av978064949,P1).mp3",2709.094878694414,21.367632793850234,143.5546875,-66.12063
"【异世界情绪】日文翻唱《ロスト・デリュージョン_Lost Delusion》 - 1.【异世界情绪】日文翻唱《ロスト・デリュージョン_Lost Delusion》(Av685580055,P1).mp3",2507.5158144467896,20.2617630340173,129.19921875,-70.691795
"【异世界情绪】日文翻唱《ヴァンパイア_吸血鬼》 - 1.【异世界情绪】日文翻唱《ヴァンパイア_吸血鬼》(Av559561294,P1).mp3",2583.5808180060994,21.27049490048844,161.4990234375,-66.83903
"【异世界情绪】日文翻唱《乙女解剖_少女解剖》 - 1.ヰ世界情緒_乙女解剖_zhang(Av979525573,P1).mp3",2643.8888217119897,21.761705914981576,135.99917763157896,-66.92884
"【异世界情绪】日文翻唱《初恋日記》 - 1.【异世界情绪】日文翻唱《初恋日記》(Av690615688,P1).mp3",2763.818943472598,22.66627466921117,143.5546875,-68.655495
"【异世界情绪】日文翻唱《夜顔の告白_夜颜的告白》 - 1.ヰ世界情緒_夜顔の告白（中文字幕）(Av542494035,P1).mp3",2793.4983222009846,21.7601518881352,103.359375,-57.69219
"【异世界情绪】日文翻唱《海の幽霊_海的幽灵》 - 1.ヰ世界情緒_海の幽霊_zhang(Av550194449,P1).mp3",2173.065844629165,24.96483258840474,89.10290948275862,-74.041245
"【异世界情绪】日文翻唱《深海少女》 - 1.深海少女_zhang(Av468927902,P1).mp3",2404.4184428522294,22.585930189630783,135.99917763157896,-65.00738
"【异世界情绪】日文翻唱《熱異常_热异常》 - 1.【异世界情绪】日文翻唱《熱異常_热异常》(Av908754224,P1).mp3",2488.4756349473537,21.77626881386565,92.28515625,-68.4959
"【异世界情绪】日文翻唱《猫の食卓_猫的餐桌》 - 1.ヰ世界情緒_猫の食卓_最终(Av847496015,P1).mp3",2456.661068155403,22.501872211573858,107.666015625,-67.47997
"【异世界情绪】日文翻唱《真生活》 - 1.ヰ世界情緒_真生活_zhang(Av638020168,P1).mp3",2340.0797326160655,23.62295957458514,129.19921875,-72.550606
"【异世界情绪】日文翻唱《第三の心臓_第三心脏》 - 1.ヰ世界情緒_第三の心臓_zhang(Av505646910,P1).mp3",2498.198583767381,22.191086728667862,112.34714673913044,-67.98438
"【异世界情绪】日文翻唱《誰か、海を。_谁来、将海。》 - 1.ヰ世界情緒_誰か、海を。_最终(Av546832696,P1).mp3",2260.4280123039634,24.309452212027413,143.5546875,-74.691475
"【异世界情绪】日文翻唱《運命_命运》 - 1.ヰ世界情緒_運命_zhang(Av893461504,P1).mp3",2657.0914469242716,21.65825793358262,89.10290948275862,-61.29216
"【异世界情绪】日文翻唱《鳥の詩_鸟之诗》 - 1.【情】鸟之诗(Av332262023,P1).mp3",2382.121378695294,23.44903605753198,123.046875,-68.78598
"【来自深渊】Hanezeve Caradhina 日曲完整版 - 1.1(Av16693457,P1).mp3",2237.375858935525,23.743792184810534,161.4990234375,-75.29059
"【東方神霊廟】～ 聖徳伝説 ～ True Administrator ～ 原曲【高音質】 - 1.1(Av264927,P1).mp3",2385.203643381911,22.715702280939166,107.666015625,-64.41683
"【櫻花アリス】 透明哀歌 【こぬこ／Cover】 - 1.1(Av1586207,P1).mp3",2558.3200378053,22.0655817683294,112.34714673913044,-70.17367
"【歌ってみた】MACARON covered by ヰ世界情緒 - 1.ヰ世界情緒_Macaron(Av82653007,P1).mp3",2593.133981044821,21.724555331413804,143.5546875,-67.98322
"【歌ってみた】あなぐらぐらし covered by ヰ世界情緒 - 1.ヰ世界情緒_あなぐらぐらし(Av884526676,P1).mp3",2441.580844384406,22.823826310995518,129.19921875,-73.56325
"【歌ってみた】エンドロール covered by ヰ世界情緒 - 1.ヰ世界情緒_エンドロール(Av711943915,P1).mp3",2384.071048865094,22.28876140912842,151.99908088235293,-65.01718
"【歌ってみた】メテオ covered by ヰ世界情緒 - 1.ヰ世界情緒_メテオ(Av926201717,P1).mp3",2582.2292239344165,23.8945730062776,143.5546875,-72.82804
"【歌ってみた】共感覚おばけ covered by ヰ世界情緒 - 1.ヰ世界情緒_共感覚おばけ(Av81747125,P1).mp3",2679.207547929294,21.363209307008052,92.28515625,-68.07425
"【歌ってみた】垂直落下 covered by ヰ世界情緒 - 1.ヰ世界情緒_垂直落下(Av925826419,P1).mp3",2117.7976389206806,24.65732889055151,95.703125,-63.554012
【歌ってみた】少女レイ ⧸ covered by ヰ世界情緒.wav,2652.268940832351,22.26141123511363,151.99908088235293,-69.73127
"【歌ってみた】白昼夢 covered by ヰ世界情緒 - 1.ヰ世界情緒_白昼夢(Av926693430,P1).mp3",2476.031964641573,21.768673355825324,86.1328125,-62.560444
"【歌ってみた】蜜月アン・ドゥ・トロワ covered by ヰ世界情緒 - 1.ヰ世界情緒_蜜月アンドゥトロワ(Av83986529,P1).mp3",2372.958926706071,25.03621837636746,184.5703125,-69.85634
"【理芽】 #08「食虫植物」 （Official Music Video） - 1.rim_syokuchu_1230_1(Av81877256,P1).mp3",2064.9876958593313,22.922760041440846,123.046875,-70.13346
"【瓦利斯】原创歌曲 #016《革命バーチャルリアリティ（覚醒 ver.）_革命虚拟现实（觉醒 ver - 1.0222_VALIS_MV_online_zhang(Av211799193,P1).mp3",2794.1323591547866,22.042867094817044,95.703125,-60.587463
"【病娇少女之歌】 要有礼貌哦 - 1.【病娇少女之歌】 要有礼貌哦(Av771007017,P1).mp3",2578.740074461583,20.955317452974395,129.19921875,-70.676125
"【翻唱】Phony - ツミキ _ 町田千麻(Cover) - 1.phony(Av419711743,P1).mp3",2590.160574066714,22.439957970036787,172.265625,-64.417755
"【翻唱】ド屑 _ 大人渣 - なきそ _ 町田千麻 (Cover) - 1.ド屑 - なきそ _ 町田ちま(Cover)(Av300846932,P1).mp3",2340.2318565095234,21.891392584229944,117.45383522727273,-65.18991
"【翻唱】ヨワネハキ feat. 和ぬか, asmi - MAISONdes (Cover) _ KM - 1.ヨワネハキ feat. 和ぬか, asmi - MAISONdes (Cov(Av854121796,P1).mp3",2798.3533578064134,23.073450307389127,107.666015625,-69.51785
"【翻唱】ヴァンパイア_vampire【白雪艾莉娅】 - 1.ヴァンパイア　完成(Av502558563,P1).mp3",2553.1486348219355,22.283939510286775,161.4990234375,-62.289818
"【翻唱】可爱的女朋友 ／ syudou【Kotone(天神子兔音)cover】 - 1.【翻唱】可爱的女朋友 ／ syudou【Kotone(天神子兔音)cover(Av760822497,P1).mp3",2567.5550719884386,23.676723370781716,161.4990234375,-63.147278
"【翻唱】精神电锯 ／ かいりきベア【Kotone(天神子兔音)cover】 - 1.【翻唱】精神电锯 ／ かいりきベア【Kotone(天神子兔音)cover】(Av545527667,P1).mp3",2539.7906039683994,21.735966591973302,184.5703125,-59.239693
"【翻唱】致我所珍视的人（大切な人たちへ）cover.by 白咲べる - 1.致我所珍视的人(Av885435952,P1).mp3",1901.883398366157,26.408836329793537,69.83741554054055,-69.057976
"【花谱】「不埒な喝采_不羁的喝彩」原创歌曲 - 1.不羁的喝彩(Av504244351,P1).mp3",2128.888287915242,22.01133174161551,161.4990234375,-67.14961
"【萌系音乐】未完成ロマンチック - ミツキヨ (Feat.ことのは) - 1.01. 未完成ロマンチック(Feat.ことのは)(Av76914322,P1).mp3",2478.780233447478,21.97444308635323,123.046875,-63.873516
"【谢拉×Mana】magnet【贴贴】 - 1.【シエラ×マナ】magnet【歌ってみた】(Av70374361,P1).mp3",2457.03088620644,22.7794694766296,107.666015625,-64.43236
"【音街ウナ】初恋日記【香椎モイミ】 - 1.【音街ウナ】初恋日記【香椎モイミ】(Av558130680,P1).mp3",2736.96679183226,22.62181067131829,143.5546875,-68.979706
"おくすり飲んで寝よう - 桃寝ちのい （cover） - 1.おくすり飲んで寝よう - 桃寝ちのい （cover）(Av865533343,P1).mp3",3068.9343801228665,21.830543250597138,129.19921875,-65.288155
かたぎり - かたぎりの長い午後 - One of Us.flac,2952.8270310482962,19.092699152089114,129.19921875,-63.355984
かねこちはる - TEmPTaTiON.mp3,2486.942476342086,22.869240790972945,161.4990234375,-60.300926
かめりあ - Electromagnetic Stealth Girl Born In Philadelphia.mp3,2730.144834539906,20.37507233807376,129.19921875,-61.47919
"かめりあ feat. ななひら - ƒiиorzᾶ - 1.かめりあ feat. ななひら - ƒiиorzᾶ_3(Av592433402,P1).mp3",2760.2138739405223,21.544494505413457,112.34714673913044,-60.949177
"きゅうくらりん (cover) _ 鎖那 - 1.きゅうくらりん (cover) _ 鎖那(Av772160575,P1).mp3",2533.8231823486144,21.57093011587014,112.34714673913044,-68.83593
"きゅうくらりん - ちのい （cover） - 1.きゅうくらりん - ちのい （cover）(Av736918126,P1).mp3",2493.059134333098,22.119835457593656,112.34714673913044,-70.55771
"ごめんね ごめんね／森中花咲(cover) - 1.ごめんね ごめんね／森中花咲(cover)(Av201743511,P1).mp3",2740.3970318450897,22.57069943568976,112.34714673913044,-67.45172
"ちゅ、多様性。 - ちのい （cover） - 1.ちゅ、多様性。 - ちのい （cover）(Av652264749,P1).mp3",2988.824481948135,22.68150561435331,151.99908088235293,-65.93043
ひつじがいっぴき  ⧸ Vivid BAD SQUAD × MEIKO.flac,2372.4964595412453,21.653529623323426,135.99917763157896,-68.79194
"めりぃめりぃろんり～ - ちのい（original） - 1.めりぃめりぃろんり～ - ちのい（original）(Av437054824,P1).mp3",2750.593506547676,22.459495205573784,117.45383522727273,-68.92973
"もうそう♡えくすぷれす - ちのい （cover） - 1.もうそう♡えくすぷれす - ちのい （cover）(Av949622181,P1).mp3",2919.889456443643,22.553699159705626,99.38401442307692,-71.832466
ももいろの鍵 (feat. 花里みのり & 桐谷遥 & 桃井愛莉 & 日野森雫 & 巡音ルカ).flac,2395.6056500020145,21.873977007748845,83.35433467741936,-64.691345
アニマルらんど.mp3,2585.2455251991546,22.605445319048872,151.99908088235293,-62.26898
"エヌ - ちのい （cover） - 1.エヌ - ちのい （cover）(Av694615330,P1).mp3",2932.389514882825,23.356461197970457,66.25600961538461,-61.60228
"キッカイケッタイ - ちのい （cover） - 1.キッカイケッタイ - ちのい （cover）(Av482131061,P1).mp3",2913.810704328313,21.793921473935598,107.666015625,-64.2687
クモヒトデのうまる砂の上で - 桃寝ちのい × 桜苺ちる （cover）.flac,2774.077147032426,22.197493690770404,143.5546875,-67.84148
"ステラの座 _ 雄之助 feat. 星界 - 1.ステラの座(Av980684562,P1).mp3",2361.7157052773837,23.25483521569073,99.38401442307692,-69.41814
バグ ⧸ 25時、ナイトコードで。 × 鏡音レン.flac,2756.3299222647315,21.286215215257307,184.5703125,-60.779907
"マオ ／森中花咲(cover) - 1.マオ ／森中花咲(cover)(Av205002067,P1).mp3",2654.3238101963593,22.80445942719559,151.99908088235293,-60.06758
マシュマリー (feat. 花里みのり & 桃井愛莉 & 初音ミク).flac,2508.2629833798933,24.61848863024811,123.046875,-68.92685
リンリン♪がぁらふぁらんど - 桃寝ちのい × 日あさ寝 （cover）.flac,2797.150703471409,23.23203854487705,86.1328125,-58.10333
"ロータスイーター - ちのい （cover） - 1.ロータスイーター - ちのい （cover）(Av864415142,P1).mp3",2954.7211847057465,21.41748306584955,95.703125,-64.099464
"一如既往的场所 「いつもこの場所で」  AMV - 1.1(Av9676829,P1).mp3",2527.6594096143026,23.165098908162864,89.10290948275862,-61.990086
"不断被替换的渺小存在【ゆえぽる】 - 1.1(Av621161,P1).mp3",2359.3939876538416,23.40963838446947,117.45383522727273,-67.317986
人マニア - 桃寝ちのい（cover）.flac,2569.01523965565,22.025603080843123,151.99908088235293,-70.63779
"今夜はブギー・バック - 小沢健二 featuring スチャダラパー｜covered by som - 1.今夜はブギー・バック - 小沢健二 featuring スチャダラパー｜co(Av637141452,P1).mp3",2110.5695633602063,22.727664210917172,92.28515625,-73.02657
"冬之花，但是高音质(24bit 96khz flac) - 1.1(Av296055534,P1).mp3",2005.4986342049756,22.81138748400141,99.38401442307692,-66.25818
"冰雪消融之时，我们能否「再会」？【艾因Eine&勺Shaun】翻唱 - 1.再会【艾因&勺】(Av418809225,P1).mp3",2593.652613059741,25.697490815047697,89.10290948275862,-73.15283
"勺翻唱了死神 - 1.死神 _ 勺(Av889860452,P1).mp3",2400.6592219081263,22.88959537954242,117.45383522727273,-67.75152
"命运 _ 春卷饭×煮儿果实 feat.初音未来＆v flower - 1.運命MV202108273mix02master01(Av805237466,P1).mp3",2504.98703254367,21.57637102031164,89.10290948275862,-60.73077
"天 使 - 1.天使(Av376459307,P1).mp3",2567.4802562844325,22.424221855176885,123.046875,-70.14742
"女の子になりたい _  まふまふ - 1.onnanokoninaritai(Av73334896,P1).mp3",2398.6515229794927,22.92074326898577,143.5546875,-63.06383
"少女レイ- みきとP covered by 明透【cc字幕】 - 1.少女レイ- みきとP covered by 明透(Av514461244,P1).mp3",2355.9884594268783,22.756920694097303,151.99908088235293,-69.791885
"山茶花 Camellia かめりあ - Exit This Earth's Atomosphere - 1.Camellia - Exit This Earth's Atomosphe(Av286636372,P1).mp3",2666.745047742699,21.118904439888553,172.265625,-64.108826
"幸福な死を - 桃寝ちのい （cover） - 1.幸福な死を - 桃寝ちのい （cover）(Av483465375,P1).mp3",2915.7245384860316,22.193962749363443,86.1328125,-69.550125
"悶々ふぁんもおらん - 桃寝ちのい （cover） - 1.悶々ふぁんもおらん - 桃寝ちのい （cover）(Av908915179,P1).mp3",2859.743761415896,21.52893955839333,123.046875,-69.760185
"携帯恋話／rie - 1.AAAAA(Av841455089,P1).mp3",2518.2728407205777,23.537341322989015,151.99908088235293,-65.479004
星野-Say so.mp3,2375.5007433037003,23.43000277170034,112.34714673913044,-72.63611
果てのない旅.flac,2555.5480348418196,22.137282912861757,117.45383522727273,-67.21177
玩具⧸ V.W.P #10【系譜曲】.wav,2540.755886544382,21.029958364815815,161.4990234375,-64.8452
"知りたい - 水野あつ covered by 存流【cc字幕】 - 1.【歌ってみた】知りたい - 水野あつ covered by 存流(Av547227860,P1).mp3",2610.2433849293548,22.75081331221917,161.4990234375,-72.47182
"稲葉曇『ラグトレイン』Vo. 歌愛ユキ _ 稻叶昙- Lagtrain (Vo. 歌爱雪) - 1.ラグトレイン(Av883823306,P1).mp3",2614.3662422888815,21.472403704470214,143.5546875,-65.8222
"稲葉曇『ロストアンブレラ』Vo. 歌愛ユキ _ 稻叶昙- Lost Umbrella (Vo. 歌爱 - 1.P1(Av20410843,P1).mp3",2549.824899434027,21.54897385182914,135.99917763157896,-65.171684
"索姆尼娅酱 - にどねどりーむ！ - 1.そむにあちゃん - にどねどりーむ！(Av340371032,P1).mp3",2501.901183894061,23.608909135837784,89.10290948275862,-63.102974
"自制中文字幕【初音ミク】重新分娩【MARETU】 - 1.1(Av13814000,P1).mp3",2629.991090448109,21.83504665246099,129.19921875,-59.079453
"论Sound Chimera切换了多少种曲风 - 1.Sound Chimera_1(Av850624827,P1).mp3",2830.2716690440684,19.775800771329717,95.703125,-62.29456
"醒餞の鳥(Seisen no Tori) - Feryquitous feat. Risa Yuzu - 1.seisennotori_youtube(Av205840666,P1).mp3",2632.8776069762894,23.576907354167798,89.10290948275862,-66.8168
