filename,spectral_centroids,spectral_bandwidth,spectral_contrast,spectral_rolloff,spectral_flatness,bpm
"#1f1e33 (Another long ''''#ant1p01e'''' version) - - 1.''''#ant1p01e'''' version(Av976702292,P1).mp3",2862.0047319249493,2757.4348786486207,20.910095550839326,6190.895891762683,0.043202236,123.046875
"01 Hollow(Av735160974,P1).mp3",1280.4193364148887,1304.2104404183574,24.82782007334433,2282.14447989759,0.024206402,99.38401442307692
01 ｉｎ　ｆａｃｔ.wav,1696.5158922126427,2038.8066309475594,24.45085535154861,3522.4970787660927,0.019238148,83.35433467741936
"02 Deep Inside (feat.nayuta)(Av735160974,P2).mp3",2230.7517256600518,2380.167805850288,23.201430188089503,4692.401526988637,0.027037382,99.38401442307692
"03 Vagabond(Av735160974,P3).mp3",1293.3848597899482,1491.6202668907076,24.00683691316469,2588.4948407649213,0.014660733,117.45383522727273
"04 ARForest & KARUT - Wanderer of Laby(Av735160974,P4).mp3",2477.4600170861286,2392.4180294154125,20.857875244079477,5147.913578618325,0.056452792,151.99908088235293
"05 Awe(Av735160974,P5).mp3",2029.7768214004254,2072.0564114937115,22.029893960888916,4140.45414398485,0.030527933,172.265625
05.永久に.dsf,1423.9911653619724,1905.552286323721,23.27033668978915,2769.092946567694,0.0073929145,69.83741554054055
"06 ARForest & Sta - Light of Love(Av735160974,P6).mp3",1836.5753474695998,2055.609349209211,22.2071477001018,3691.024115401448,0.02903841,161.4990234375
"07 Deeper and Deeper(Av735160974,P7).mp3",1487.3893308560982,1793.5729829748457,23.529503455361738,2955.393505420545,0.013759524,99.38401442307692
"08 ARForest & Sobrem - Erlking(Av735160974,P8).mp3",1485.805277535899,1636.0219906321888,22.87909469375383,2962.963058822315,0.018196218,161.4990234375
"09 Lamentation (in Cytus II)(Av735160974,P9).mp3",1945.435486015219,2073.795870722284,20.936759420445558,4042.2465803908876,0.047083218,99.38401442307692
"1.【ゆいこんぬ】地球最后的告白(Av515192,P1).mp3",2990.5604236722284,2708.0883354767225,22.45495700662823,6176.542662663246,0.056483865,95.703125
"10 Glimmering (in EZ2ON REBOOT R)(Av735160974,P10).mp3",2018.2658282200314,2219.184695859979,22.54404626105347,4394.314693240478,0.036022577,135.99917763157896
"11 Underground(Av735160974,P11).mp3",1539.925844668169,1782.7379606308702,22.59318284109466,3203.4943957908436,0.02665717,129.19921875
"12 ARForest - 星になって (feat.Sennzai) [O(Av735160974,P12).mp3",2414.053049846069,2534.3436639102165,22.38652834850524,5162.237009748181,0.02687335,103.359375
"13 Floating(Av735160974,P13).mp3",716.8063117168824,913.9604070035319,26.141553463939484,1166.0641350994174,0.021346362,129.19921875
"14 ARForest & Sta - Light of Love (Bi(Av735160974,P14).mp3",2145.6010444511257,2336.0493409640526,21.62508992555565,4718.526834447578,0.035023194,161.4990234375
"15 Deep Inside (Instrumental)(Av735160974,P15).mp3",2061.7887552341936,2138.4089845635513,23.334042574710434,4209.935143512228,0.025798932,99.38401442307692
"16 星になって  (Instrumental)(Av735160974,P16).mp3",2048.7238259638,2187.615222516809,23.178316705257043,4342.883796805315,0.018675132,172.265625
Angel (feat. 可不)-猫乃ルル.mp3,2530.029195255864,2783.402070666433,22.972942425169396,5772.393404941792,0.026493192,161.4990234375
BetoRtallu - かたぎり(katagiri) - STRONG 280（Long ver.）.mp3,3134.150112659502,2945.134656323701,19.755478654093352,6897.952633166178,0.06560884,92.28515625
"C-Show VS DJ Genki - BLACK LABEL - 1.C-Show VS DJ Genki - BLACK LABEL(Av947212375,P1).mp3",3066.020038614875,2861.2991314969804,20.073386169331247,6575.9235924678,0.059890013,172.265625
Deathmachine - Make Some Noise.flac,3417.0605720276876,2859.428295532656,19.939555923147875,6944.549352054379,0.091774,99.38401442307692
"Dither,Igneon System - Murder ＊＊＊＊.flac",3107.89392251554,2885.11153421951,19.760112774494537,6726.301541281723,0.06910392,92.28515625
DJ Myosuke & Gram & t+pazolite - Σ.wav,2933.727557409331,2778.692710854264,19.485807101831323,6307.31115780174,0.06586403,112.34714673913044
"DJ Myosuke - Behemoth (Extended Mix)【太鼓の達人】 - 1.DJ Myosuke - Behemoth (Extended Mix)【太(Av439269572,P1).mp3",3300.085436037542,3006.0710068745816,19.200987890172232,7160.412973334273,0.090095766,95.703125
"DJ Myosuke - Virtual Euphoria【HARDCORE TANO_C】 - 1.DJ Myosuke - Virtual Euphoria【HARDCORE(Av693544487,P1).mp3",2734.318649202058,2713.295430315218,19.64761848160483,5951.696026602348,0.056227718,172.265625
DJIPE - No God.flac,2940.285589861575,2690.398676774485,19.810968821466865,6164.514418043482,0.056121033,92.28515625
"Dolphin,Tugie,Innominate - Let the Blood Spill (Dolphin Remix).flac",3367.147562265055,2835.9972685667717,20.778136646621267,6839.612252439066,0.068479404,99.38401442307692
"eDUB,Igneon System - Ruckus Power.flac",3543.7171857450235,3123.732793890934,20.455587328387608,7490.699212282699,0.06234208,89.10290948275862
Elemental Creation (kamome sano Remix) - kamome sano.wav,2334.0683831166143,2481.80434406327,22.300511766075232,5085.941981029165,0.047489036,129.19921875
"Gram VS Kobaryo - Yggdrasil - 1.Gram VS Kobaryo - Yggdrasil【The Requie(Av499586562,P1).mp3",2293.8688589222293,2508.5942546753063,21.217926671751325,5108.2819865648835,0.0295851,99.38401442307692
Hallucinator - Open Your Eyes.flac,2568.33151530475,2543.3818451173524,20.774364569548883,5460.703115895937,0.04238829,89.10290948275862
Hellfish - Doctor Beak.mp3,2612.5126969461694,2571.692066855084,19.322499564594246,5606.560527365427,0.045509815,99.38401442307692
Hellfish - The Decimator.mp3,3323.8912236459582,2918.9636575460736,19.338892828983866,6964.487560715122,0.08553028,107.666015625
Igneon System & Karbyde - TriggerFinger.mp3,2689.9279053863056,2580.2258854475244,19.564283490683653,5779.180715460527,0.04490477,172.265625
"INTERNET OVERDOSE - ちのい （cover） - 1.INTERNET OVERDOSE - ちのい （cover）(Av482098543,P1).mp3",3022.2078273583475,2967.582152383472,22.60778282103007,6792.424350491313,0.038885396,161.4990234375
"INTERNET YAMERO _ covered by 藍月なくる - 1.INTERNET YAMERO _ covered by 藍月なくる(Av569023930,P1).mp3",3502.002314508012,2876.5275000177267,21.230176053833507,6986.044799363833,0.08265413,92.28515625
I：gor - Heavyweight.flac,2597.365423074605,2604.4172485085037,20.154856004907124,5608.559085048649,0.042894244,86.1328125
Kakeru - Do you love me？ (feat. りんたる).wav,2904.241868708772,2764.524797855797,21.35985110041233,6182.257293647304,0.06302876,151.99908088235293
Kill 'Em All.wav,2827.003371880055,2674.877285296945,19.57627971642858,6085.179018780085,0.06423286,92.28515625
"Kobaryo - Glitched Character - 1.Kobaryo - Glitched Character-s4KeHXqVb(Av671656787,P1).mp3",3249.449192299519,3027.9821194044903,20.448502307504338,7132.498303449819,0.06785159,112.34714673913044
Kobaryo - SUPER REACTOR X [feat. HiTNEX-X].flac,3301.697813396067,3010.9213247520984,20.40670759706121,7147.781425958229,0.07883385,151.99908088235293
Kobaryo feat. Srezcat - Darkmoon Dissolve.flac,2491.2374148776416,2677.4243997199997,21.067402724768648,5664.47175217678,0.03456416,103.359375
Laur - Chaos Emperor.mp3,2870.8523484720918,2773.2377889506984,19.896779618982574,6173.486944719582,0.05453211,95.703125
"Laur - DANGEROOOOUS JUNGLE (Extended) - 1.Laur - DANGEROOOOUS JUNGLE (Extended)(Av605133296,P1).mp3",3342.474589769545,2902.7110480623387,19.589055389245033,6936.05091097543,0.094200745,161.4990234375
"Laur - Viyella's Nightmare - 1.Laur - Viyella’s Nightmare [2nd Album (Av808180859,P1).mp3",3218.5460515654327,2859.3181264295226,20.427874671143012,6719.730597133464,0.07519416,112.34714673913044
Let's Rock.flac,3126.522370105086,2882.5903945163727,19.79925992447641,6649.332367519162,0.0669723,103.359375
Nonexistent - Haunted.flac,2596.5124675706816,2605.5854482198984,19.84043314218201,5678.303112894206,0.046557564,161.4990234375
"OTOMEROID - ちのい （cover） - 1.OTOMEROID - ちのい （cover）(Av352049886,P1).mp3",2105.8233917861726,2479.9872017665803,22.38854663694367,4858.993734549315,0.0363017,129.19921875
"OZIGIRI - ぼっち・ざ・ぐらいんど！ BOCCHI THE GRIND! - 1.OZIGIRI - ぼっち・ざ・ぐらいんど！ BOCCHI THE GRIN(Av476954412,P1).mp3",3273.307751299167,2842.486869591446,19.429349169551227,6770.081112693247,0.09605521,117.45383522727273
Palace of Melancholia ⧸ かたぎり [Corsace Open Grand Finals Tiebreaker].flac,2873.0109523991005,2786.677989324256,19.866325409728052,6263.9229261867995,0.05117221,112.34714673913044
RAPHIIEL - Ведьма Ведьма Ведьма!.flac,2919.293976940313,2811.3402795549414,21.741625150266334,6393.8999405826435,0.05480922,89.10290948275862
"Rejection - Signal (ft. SUCH) _ Future Core 2020 - 1.Rejection - Signal (ft. SUCH) - Future(Av330120766,P1).mp3",3229.2159714772597,2791.20573859548,21.804129603532644,6567.426107296792,0.058881093,117.45383522727273
"rejection - もう一回をエンドレス feat. 中村さんそ - 1.rejection - もう一回をエンドレス feat. 中村さんそ(Av79877357,P1).mp3",3030.6537056039324,2765.528785895715,22.37258318447234,6322.23771737508,0.044076413,89.10290948275862
Rude Awakening - Crop Circle Making Dominating Whore Abuser.flac,2766.5983968896594,2844.2301835421486,18.924756692658224,6262.305516037248,0.05615828,89.10290948275862
RVOLT - Out Of Control.mp3,3483.72367937614,3020.55370269858,18.97987503376409,7294.335234375,0.09215459,99.38401442307692
Satan - Beast.flac,2901.719202592204,2821.2450972102133,19.310508618003663,6393.694698654524,0.054275237,92.28515625
"SHIKI _ Pure Ruby  [Long Version] - 1.pure_1920(Av973146424,P1).mp3",2274.2973505020263,2694.6948016761876,21.56656975704578,5395.381013293563,0.013568689,117.45383522727273
Shuhei __Imperial Circus Dead Decadence- _黄泉より聴こゆ.mp3,3277.860669630613,2891.4565216270694,21.29682614430168,6758.093669000073,0.059146687,112.34714673913044
"Silentroom vs Frums - Aegleseeker (Cansol Piano Ar - 1.Silentroom vs Frums - Aegleseeker (Can(Av973005026,P1).mp3",915.8376929629861,901.2403593895043,26.951266277427294,1584.013558268026,0.012253652,92.28515625
"Sobrem × Silentroom - Random _ BOFXVII Team [Clue] - 1.Random_youtube (1)(Av719068400,P1).mp3",2778.4656111443146,2719.574828287783,21.413435279911052,5965.092811158798,0.04209513,129.19921875
"somunia - 飴色の微熱【cc字幕】 - 1.somunia - 飴色の微熱(Av427584879,P1).mp3",2405.413305657162,2601.3297692728197,21.12549870353883,5430.003240527299,0.07146722,117.45383522727273
"SOS - 桃寝ちのい （cover） - 1.SOS - 桃寝ちのい （cover）(Av823083339,P1).mp3",2859.2438166602506,2846.8657378261432,22.406326737965948,6349.988164235994,0.049398743,135.99917763157896
STEREOTYPE - Abracadabra - (PsyCore Series No.1) (320 kbps).mp3,2747.161248491374,2551.4770217658543,21.186000061537644,5655.210604959078,0.04780292,161.4990234375
Strange Arrival - Bruford.mp3,2735.5383854671536,2715.5522162940215,20.268825296197917,5997.656920737002,0.045647543,161.4990234375
Strange Arrival - Dissolve.mp3,3041.408355017415,2840.300919184495,19.625261527524955,6563.1414595443075,0.06408492,161.4990234375
Strange Arrival - Interior Deterioration.mp3,2861.2001874040484,2739.1095146313437,19.88529494924485,6146.520584620786,0.051316593,151.99908088235293
Strange Arrival - Plastic Death.mp3,2773.092517139404,2679.530597214253,19.72764898132209,5957.098191510724,0.050826613,172.265625
Strange Arrival - Veiled Machine.flac,2407.0010486704787,2507.2882597566954,20.38454672606503,5308.498638148479,0.031327758,151.99908088235293
"t+pazolite - Cheatreal #TPZREMAKE - 1.t+pazolite - Cheatreal #TPZREMAKE-3hPf(Av247499138,P1).mp3",3100.499260539998,2768.374983606976,20.27852848663329,6425.967003891446,0.059821825,99.38401442307692
"Toby Fox - MEGALOVANIA (Camellia Remix) - 1.videoplayback_Mux(Av67778046,P1).mp3",3075.793032710814,2674.9139773018633,20.847351027758222,6279.769988808605,0.07389697,123.046875
"USAO - Big Daddy - 1.USAO - Big Daddy(Av53583384,P1).mp3",2931.040838351293,2773.963178407097,19.842120369551964,6291.922392983638,0.07258471,95.703125
"USAO-WildFire - 1.USAO-WildFire(Av507336583,P1).mp3",3344.442402179358,2936.6095895856347,19.769338642163916,6973.165567025219,0.07699389,103.359375
Wavolizer - Frustration.flac,2612.3544468578148,2599.4716296151014,20.433006135511572,5710.453567146083,0.04401631,172.265625
"[Afflict] Determination feat.棗いつき - Laur - 1.Laur - Determination feat.棗いつき(Av718955077,P1).mp3",2733.884847267672,2633.5683177073142,22.009699231148048,5692.6049410808155,0.03686163,161.4990234375
"[A]ddiction _ GigaReol×EVO+ - 1.1(Av3232086,P1).mp3",3073.7734345152203,2866.1232815490443,21.36895873018899,6562.607974166617,0.06212861,161.4990234375
"[Bassline Yatteru LOL] ベースラインやってる？笑 - Camellia (Fe - 1.繁体中文字幕(Av48101721,P1).mp3",3027.128876901307,2718.7176500575065,21.85124003259388,6269.8826834336605,0.056120247,129.19921875
"[まどそふと] 【ハミダシクリエイティブ凸 あすみED】トキラキメキ【公式・FULL】 ボーカル：ヒ - 1.【ハミダシクリエイティブ凸 あすみED】トキラキメキ【公式・FULL】 ボー(Av692661650,P1).mp3",2750.9626372141206,2684.6750414429516,22.597416154401607,5810.237180593923,0.041165736,135.99917763157896
"[碧蓝档案]兔兔小队OST113 - 1.[Blue Archive] Theme 113(Av768194583,P1).mp3",2987.5674374153223,2714.1596113128517,21.62457471808818,6226.3477446873285,0.06558377,172.265625
"▶︎少女レイ (cover) _兔子[めありー] - 1.少女レイ20180727youtubemst(Av32538951,P1).mp3",2485.678747813613,2625.558583537793,22.430481590450867,5355.039206836923,0.023979938,151.99908088235293
"「Future Funk」tomatoism - Ｓｏｍｅｏｎｅ Ｓｐｅｃｉａｌ - 1.「Future Funk」tomatoism - Ｓｏｍｅｏｎｅ Ｓｐｅｃｉ(Av378294129,P1).mp3",1885.6778280964152,2113.7243714077003,22.191580374641163,4172.90713804792,0.016415583,143.5546875
"「Memento Mori手游」完整版抒情诗合集（1080P_320K_中字） - 1.小熊（Song by Koresawa）索尔缇娜（南条爱乃）(Av300361986,P1).mp3",1770.1116276514922,2162.520285088129,23.81723992158028,3679.7740199422196,0.026064511,151.99908088235293
"「Memento Mori手游」完整版抒情诗合集（1080P_320K_中字） - 10.篝火（Song by konoco）琳恩（村上奈津实）(Av300361986,P10).mp3",2333.185589358777,2623.5690582588786,23.551233516871765,5200.376037753226,0.018972982,103.359375
"「Memento Mori手游」完整版抒情诗合集（1080P_320K_中字） - 2.Ⅶ. THE RUST（Song by 茅原实里）A.A.（茅原实里）(Av300361986,P2).mp3",2053.059305526488,2414.9264849859987,24.21505630944481,4292.811239451966,0.014286792,103.359375
"「Memento Mori手游」完整版抒情诗合集（1080P_320K_中字） - 3.X. THE FLOWER （Song by 小仓唯）娜塔夏（小仓唯）(Av300361986,P3).mp3",2265.6686412678873,2484.982282471951,23.555720520456155,4872.156839100456,0.030369446,161.4990234375
"「Memento Mori手游」完整版抒情诗合集（1080P_320K_中字） - 33.红洋装（Song by 叶月由罗）艾薇（古贺葵）(Av300361986,P33).mp3",2770.1487105997567,2661.871287408836,23.047527450431705,5852.254256202665,0.038682435,123.046875
"「Memento Mori手游」完整版抒情诗合集（1080P_320K_中字） - 39.Dokie Doggy Night（Song by alfakyun） 墨(Av300361986,P39).mp3",2686.0503534714057,2464.832315388905,23.45860227342471,5306.299137163765,0.04009832,123.046875
"「Memento Mori手游」完整版抒情诗合集（1080P_320K_中字） - 41.热情的埃达（Song by Mewhan）索尼娅（五十岚裕美）(Av300361986,P41).mp3",2473.337333972845,2688.7400282722024,22.486325325312936,5536.595667718776,0.02507268,129.19921875
"「Memento Mori手游」完整版抒情诗合集（1080P_320K_中字） - 7.今天的我不一定是昨天的我（Song by 黑云）卡罗（立花日菜）(Av300361986,P7).mp3",1923.3673657554943,2167.4883035860485,25.248058481385083,3855.207623880566,0.012070942,172.265625
"「Memento Mori手游」完整版抒情诗合集（1080P_320K_中字） - 8.困惑星旅行（Song by 芹泽优）妮娜（芹泽优）(Av300361986,P8).mp3",2020.844146235256,2410.8192810879605,24.144075211068113,4626.003502360105,0.013724796,143.5546875
"「不埒な喝采」  covered by 跳亜【cc字幕】 - 1.【歌ってみた】「不埒な喝采」  covered by 跳亜(Av810542096,P1).mp3",2334.9420938703242,2520.8249434351387,23.60264246286046,5292.902472325627,0.10280817,161.4990234375
"「吉他与孤独与蓝色星球」第五集live部分插曲—結束バンド【孤独摇滚】 - 1.ギターと孤独と蒼い惑星(Av562317092,P1).mp3",2257.6593503828185,2265.5626165525714,22.41718274349742,4524.165424350437,0.01715819,95.703125
"「有什么不好」—結束バンド【孤独摇滚】 - 1.【中日歌词_完整版】孤独摇滚ED3「有什么不好」—結束バンド【孤独摇滚】(Av475500353,P1).mp3",2249.4073427958406,2217.1272828458277,23.281016479206517,4566.343405840956,0.021373857,123.046875
"「绝不会忘记」结束乐队／ TVアニメ「孤独摇滚」第12話劇中曲 - 1.【中日歌词_官方MV】「绝不会忘记」结束乐队／ TVアニメ「孤独摇滚」第12(Av521724987,P1).mp3",2602.347047190429,2530.683723921173,21.76959296398496,5257.803227026123,0.030077573,92.28515625
"「若能化作星座」结束乐队／ tvアニメ「孤独摇滚」第12話劇中曲 - 1.【中日歌词_官方MV】「若能化作星座」结束乐队／ tvアニメ「孤独摇滚」第1(Av221640134,P1).mp3",2723.043813115581,2696.765138026216,22.083343514503817,5705.704064173598,0.033469934,123.046875
"『MAD 中日歌詞』 劇場版 遊戲人生 Zero 主題曲： THERE IS A REASON -  - 1.1(Av16040894,P1).mp3",2052.2992680939838,2267.8930561268194,24.34697659878696,4252.649297328964,0.014507329,135.99917763157896
"『中日歌詞付き』 譚雅戦記ED1 FULL - Los! Los! Los! - 悠木碧 - 1.『Lyrics Video - 中日歌詞付き』 幼女戦記 Youjo Sen(Av9081138,P1).mp3",2290.8773267547995,2267.301299932611,21.387004957291385,4591.369812696043,0.038585767,117.45383522727273
"『音击』ONGEKI Sound Collection 06「Transcend Lights」／赤 - 1.01.Transcend Lights(Av379997392,P1).mp3",2975.9206200180834,2818.225422483823,22.23857880649295,6425.149133041957,0.057152104,103.359375
"【Arcaea】C-Show - GIMME DA BLOOD - 1.【Arcaea】C-Show - GIMME DA BLOOD(Av972121198,P1).mp3",3015.200725224776,2864.9882646874185,19.73954709681735,6572.126902762253,0.071979165,112.34714673913044
"【BGA】 彁 - LeaF - 1.彁(Av247469165,P1).mp3",2425.2753547207462,2605.7297631183787,22.99041256095609,5364.96352521377,0.03773464,107.666015625
"【BOFU2016】Alice in Misanthrope - LeaF - 1.【BOFU2016】 Alice in Misanthrope -厭世アリス(Av7761098,P1).mp3",2716.288765033778,2751.433753972773,21.532433423416215,6062.407674889242,0.038912717,172.265625
"【BOFU2017】 Lyrith -迷宮Lilith- 【FRENZ2017】 - 1.1(Av15249569,P1).mp3",2604.7051114361907,2573.069170635635,22.137292430931556,5620.297437368424,0.052231956,89.10290948275862
【BOFXVII】 Lidelle x Sobrem x Sennzai - self-dissociation【BGA】.flac,2550.521765419807,2646.2273042793877,21.39058316693718,5618.670615511728,0.03586738,95.703125
【BOFXVII】saaa ft. MC iwata Bros. - Head BONK ache【BGA】.wav,2845.941764666393,2846.3220909805846,19.80137893804917,6363.202875530143,0.04699089,161.4990234375
【BOFXVI】Angel's Salad【BGA】.flac,2404.353668369442,2562.8266852213455,19.228822775693956,5307.371368288714,0.05173945,117.45383522727273
"【BOF_ET】Sobrem - slic.hertz - 1.video_20221003_083035_edit(Av516191809,P1).mp3",2724.7710447397517,2673.2710117110787,20.86753820086959,5820.2688539127785,0.043415163,143.5546875
"【BSWC 2022 Grand Finals Tiebreaker】Kry.exe feat. I - 1.【BSWC 2022 Grand Finals Tiebreaker】Kry(Av514682052,P1).mp3",3275.2374065985964,2875.3776998876797,20.684444832142248,6810.747249014247,0.06782819,117.45383522727273
"【cc字幕】透明な呼吸  somunia × ヰ世界情緒 - 1.透明な呼吸  somunia × ヰ世界情緒(Av287181202,P1).mp3",2236.0226950811557,2641.4740739929903,22.793862758688654,5068.916015625,0.029637463,161.4990234375
"【flower】猛毒【かいりきベア】 - 1.ベノム _ flower - niconico動畫(Av28356844,P1).mp3",2395.3828338042063,2275.4568619646184,22.239739263449522,4629.798614533339,0.045012355,151.99908088235293
"【FRENZ2013】 B.B.K.K.B.K.K. 【BOF2013】 - 1.1(Av770385,P1).mp3",3443.6833799952365,2862.078324004428,21.259161768308836,6922.8646126859785,0.0799121,172.265625
"【Full MV】逆行して逃避行 - BlackY feat. Risa Yuzuki - 1.【Full MV】逆行して逃避行 _ Risa Yuzuki(Av501639085,P1).mp3",2773.3234260620584,2525.6234270719574,23.332040959436195,5531.73308611284,0.03486571,135.99917763157896
"【Giga & KIRA】GETCHA!【本家演唱 ver.】 - 1.Giga & KIRA - GETCHA! (Self Cover ver.(Av754722305,P1).mp3",2727.3103662002122,2678.5072449436543,21.593050686390637,5846.145091989703,0.029394744,129.19921875
"【Giga · q_Left】G4L (完整版)【YouTube Music ver.】 - 1.G4L(Av673284810,P1).mp3",2731.0124190966058,2569.003466648935,21.817953330059762,5795.5371509094275,0.03358735,143.5546875
"【Giga】CH4NGE【本家演唱／中文CC字幕】 - 1.Giga - CH4NGEをうたいました (Self Cover) [MCY(Av295162306,P1).mp3",2997.6015576419118,2766.6072970825007,21.714763648092564,6343.368053878477,0.044160124,117.45383522727273
"【Mili】Ga1ahad and Scientific Witchery （加拉哈德1号与科学性巫 - 1.1(Av3838286,P1).mp3",1783.0003786474742,2307.061973492108,23.52963837683395,4002.2599692565955,0.0069370773,83.35433467741936
"【Mili】Vitamins--  Mili feat World s end girlfriend - 1.Vitamins--Mili feat World s end girlfr(Av38560371,P1).mp3",2227.020169957376,2409.0315088105904,23.35159599568555,4717.504136696083,0.022008872,95.703125
"【MV】Löschen (Long ver.) - BlackY feat. Risa Yuzuki - 1.[Risa Yuzuki] Loschen_FIX(Av722907250,P1).mp3",2936.834856907937,2697.2556930244887,22.56417686413427,6052.758347844503,0.042366043,123.046875
"【Official Audio】Duplicity Shade _ HyuN feat. Sennz - 1.tst(Av642129802,P1).mp3",2809.1409707013163,2587.95457375117,21.62714696855363,5687.25363966748,0.049269322,112.34714673913044
"【OWC2021 Grand Finals Tiebreaker】Yooh - RPG - 1.[osu!] Yooh - RPG (OWC2021 Grand Final(Av634326949,P1).mp3",3286.272927509233,2955.306106786818,20.264877757070447,6980.257770377146,0.0742038,107.666015625
"【PV】twinkle night 【somunia solo ver】 - 1.twinkle night [somunia solo ver_PV](72(Av795945802,P1).mp3",2691.4671392877035,2908.7922407798346,21.45987881075468,6278.286537121815,0.03715181,86.1328125
"【somunia熟肉】[ cover ] nekomeshi - やくしまるえつこ _ somuni - 1.[ cover ] nekomeshi - やくしまるえつこ _ somun(Av64059468,P1).mp3",2641.637322518058,2697.085457163064,22.80666340315129,5701.422756153857,0.025481248,117.45383522727273
"【somunia熟肉】食虫植物 - 理芽  somunia - 1.【 cover 】食虫植物 - 理芽 _x264(Av928162828,P1).mp3",2328.6939581052675,2494.361748013053,23.31775519006218,5016.166101880192,0.0307882,123.046875
"【USAO】Try again【Bright Colors 4】 - 1.1(Av17716422,P1).mp3",3072.5371726654994,2807.1609252354006,20.9408589179075,6454.055298234228,0.059930384,86.1328125
"【V.W.P】《言霊_言灵》 _ V.W.P #6【Original MV】 - 1.言霊_220117_zhang(Av253310569,P1).mp3",2240.491718738682,2264.4023784912133,24.03051336472512,4547.91919605152,0.050480112,86.1328125
"【ななひら】INTERNET OVERDOSE - 1.【ななひら】INTERNET OVERDOSE(Av893089617,P1).mp3",3246.5764533172514,2910.4207534456273,22.84730854437939,6797.234534542469,0.04829146,161.4990234375
"【めぐ】Flyer! - 1.【オリジナルMV】「Flyer! 」歌ってみたver.めぐ - ニコニコ動画(Av767684721,P1).mp3",2614.400760108182,2528.2726887587664,23.046383865648043,5331.449070542528,0.027623113,95.703125
"【れい】吐出 - 1.はきだすを歌いました - ニコニコ動画(Av16454782,P1).mp3",2904.5707573040236,2503.7781118177213,22.34753549202659,5650.489452138988,0.05057416,112.34714673913044
"【ナースロボ＿タイプＴ Caramel Act.2】たぶん _ 大概【UTAU cover +UST - 1.たぶん(Av796569992,P1).mp3",1737.6233788013685,2033.0600124983598,23.897521866842865,3826.4476844896403,0.011052433,89.10290948275862
"【ナースロボ＿タイプＴ Sugar】あなたクランケン【UTAU音源配布】 - 1.2(Av291477249,P1).mp3",2054.7375284898267,2331.244180043793,22.62383955621891,4524.685399242729,0.016344326,135.99917763157896
"【ナースロボ＿タイプＴ】milk【UTAUcover】 - 1.milk(Av632543544,P1).mp3",1857.0869274730053,2191.4059657304797,22.41160881606118,4160.60102516439,0.0252179,112.34714673913044
"【ナースロボ＿タイプＴ】Penguin's Detour【UTAUcover】 - 1.1(Av248375142,P1).mp3",2162.922382436833,2234.926831398826,21.728364918140848,4386.054001920863,0.031953696,123.046875
"【中文字幕】somunia - Emerge - 1.somunia - Emerge_x264(Av382679438,P1).mp3",1567.6121664801192,2145.295896302072,23.60901476830028,3362.179128099628,0.0077733635,143.5546875
"【中文字幕】somunia - Unstep feat.ケンモチヒデフミ - 1.somunia - Unstep feat.ケンモチヒデフミ_x264(Av722833489,P1).mp3",2200.543070160148,2487.411987185391,21.912189926072276,4897.5018445489495,0.047403943,117.45383522727273
"【中日字幕】INTERNET OVERDOSE _ covered by 藍月なくる - 1.INTERNET OVERDOSE _ covered by 藍月なくる_A(Av254097540,P1).mp3",2788.6301418040275,2672.1511277432996,22.65644617463459,5888.834479519131,0.03962368,161.4990234375
"【偶像大师音乐】 はじめてのチュウ 赤城みりあcv_黒沢ともよ - 1.【偶像大师音乐】 はじめてのチュウ 赤城みりあcv_黒沢ともよ(Av98634874,P1).mp3",2181.7991679876714,2407.9507831810215,24.98062655928642,4654.741100224785,0.020278899,107.666015625
"【初音ミク ＆ 可不】成为空【MIMI】 - 1.P1(Av295707376,P1).mp3",1952.2633250570236,2305.959582674594,23.92787960894573,4182.550156261754,0.021851826,83.35433467741936
"【奥术魔刃 House】ぱすたすきゃっと _ ななひら(Cover_) - 1.【奥术魔刃 House】ぱすたすきゃっと _ ななひら(Cover-)_ne(Av584260110,P1).mp3",3067.441077954867,2849.280503874741,21.400975872721066,6487.050089769791,0.052506007,129.19921875
"【官方MV_中日特效字幕】那个乐队「あのバンド」_ 孤独摇滚第八话插曲 - 1.【官方MV_中日特效字幕】那个乐队「あのバンド」_ 孤独摇滚第八话插曲(Av690575311,P1).mp3",2601.3868345260366,2481.342487442164,21.84193075388467,5261.149432689032,0.033979334,95.703125
"【官方】King Gnu - 《Prayer X》MV（动画《战栗杀机》ED） - 1.Prayer X_fin0911(Av678263203,P1).mp3",1493.7630323816088,2037.3947891539017,22.381719144732273,3162.0892873722037,0.02543091,86.1328125
"【官方】King Gnu - 《三文小说》MV（日剧《35岁的少女》主题曲） - 1.KG_SS_H264_4K_1102(Av508903187,P1).mp3",1563.5101063401994,2054.8063526972496,22.913414609378083,3324.1534771696893,0.01570131,89.10290948275862
"【官方】King Gnu - 《白日》MV（日剧《冤罪律师》主题曲） - 1.KG_HAKUJITSU_H264_0210final(Av465676178,P1).mp3",2171.2471399926726,2237.428200369785,22.105182617760683,4436.312039582295,0.040625773,92.28515625
"【官方】King Gnu - 《飞行艇》MV - 1.HIKOUTEI_MASTER_0809fin(Av978670080,P1).mp3",2240.248745295766,2517.8940150769854,21.25246626103666,4976.609752674668,0.021703545,80.74951171875
"【异世界情绪】#03 《物語りのワルツ_叙述者的华尔兹》原创歌曲MV - 1.【情】叙述者的华尔兹(Av91058373,P1).mp3",2176.6393614477392,2433.373213700546,22.45581000468171,4875.558178953194,0.062293567,112.34714673913044
"【异世界情绪】#05 《ハイドレンジア_绣球花》原创歌曲MV - 1.【情】绣球花(Av243752757,P1).mp3",2334.458783606516,2306.138488930237,22.764351195913328,4731.201521028563,0.0938499,135.99917763157896
"【异世界情绪】#06 《いろはに咲きて_盛开于伊吕波》原创歌曲MV - 1.【情】盛开于伊吕波(Av839098911,P1).mp3",2374.30522664563,2513.4010740754866,21.942461201710525,5299.1977549437415,0.11121775,143.5546875
"【异世界情绪】#07 《とめどなき白情_无法停止的白情》原创歌曲MV - 1.（中字）とめどなき白情(Av584957022,P1).mp3",2146.4822380550477,2474.34994194178,21.98966252150303,4888.571547910392,0.07972436,86.1328125
"【异世界情绪】#10《シリウスの心臓_天狼星的心脏》 - 1.【中字】天狼星的心脏(Av245856254,P1).mp3",1956.7542076417103,2124.114808803288,25.208026532873788,4027.506394824806,0.08932484,112.34714673913044
"【异世界情绪】#13 「深渊 feat.花谱」原创歌曲MV - 1.【情绪】深渊(Av376208729,P1).mp3",2342.2062743220076,2541.9615198636907,21.71386984068515,5332.5198342331405,0.09958509,151.99908088235293
"【异世界情绪】#15 《ディメンション_DIMENSION》原创歌曲MV - 1.ディメンション_zhang2(Av633503357,P1).mp3",2781.6803230486885,2826.892995077429,21.859676103187397,6212.98113898255,0.04640156,92.28515625
"【异世界情绪】#24 《霞がついてくる_雾霭相随》原创歌曲MV - 1.211207_zhang(Av549651069,P1).mp3",2245.4637028673746,2345.2041205322066,22.716889572559005,4684.82323667666,0.071701266,129.19921875
"【异世界情绪】#28 《パンドラコール_PANDORA CALL》原创歌曲MV - 1.【异世界情绪】#28 《パンドラコール_PANDORA CALL》原创歌曲M(Av772179521,P1).mp3",2546.1845694589315,2621.0352551814467,22.020315386812996,5700.044451856916,0.08935385,129.19921875
"【异世界情绪】【音楽的同位体星界】とこしずめ_地镇 ヰ世界情緒 feat. 星界 - 1.【异世界情绪】【音楽的同位体星界】とこしずめ_地镇 ヰ世界情緒 feat. (Av433315834,P1).mp3",2682.362716616709,2577.536400922651,20.897110624565595,5709.570483643992,0.12566742,92.28515625
"【异世界情绪】【音楽的同位体星界】異星にいこうね_去往异星吧 ヰ世界情緒 feat. 星界 - 1.【异世界情绪】【音楽的同位体星界】異星にいこうね_去往异星吧 ヰ世界情緒 f(Av262779075,P1).mp3",2213.738531905279,2452.040929511259,21.398833515858435,5016.79093720483,0.10533867,95.703125
"【异世界情绪】日文翻唱《ADAM》 - 1.【情绪】ADAM(Av375730284,P1).mp3",2610.213389596067,2521.7355455983175,21.424548417280963,5593.2615153233555,0.114803694,117.45383522727273
"【异世界情绪】日文翻唱《V〈Re-birth version〉》 - 1.ヰ世界情緒_V（中文字幕）(Av969959488,P1).mp3",2657.025665854944,2483.760472425545,22.844846675139557,5525.049333703489,0.089389,99.38401442307692
"【异世界情绪】日文翻唱《あだぽしゃ_尸蜡》 - 1.ヰ世界情緒_あだぽしゃ_zhang(Av766467956,P1).mp3",1983.0647765287285,2366.656031250379,22.7346501192251,4484.149097069096,0.0779624,107.666015625
"【异世界情绪】日文翻唱《アイデンティティ_Identity》 - 1.ヰ世界情緒_アイデンティティ_zhang(Av640211866,P1).mp3",2326.145035998269,2579.7948560131767,22.606000535004792,5340.179031257598,0.10200798,129.19921875
【异世界情绪】日文翻唱《アンノウン・マザーグース_不为人知的鹅妈妈童谣》.mp3,2224.951790271054,2628.863539988449,23.09045318711896,5149.139388500005,0.028976742,112.34714673913044
"【异世界情绪】日文翻唱《カミノコトバ_神的话语》 - 1.【情】神的话语(Av843779161,P1).mp3",1684.5130383724743,2003.5361751801506,22.819858106999767,3652.4423910661976,0.06693653,112.34714673913044
"【异世界情绪】日文翻唱《ギャラリア_画廊》 - 1.ヰ世界情緒_ギャラリア_zhang(Av553398807,P1).mp3",2023.1115864646576,2329.855079002162,21.69577059856518,4565.224183768657,0.09470314,103.359375
"【异世界情绪】日文翻唱《パノプティコン_圆形监狱》 - 1.ヰ世界情緒_パノプティコン_zhang(Av509276622,P1).mp3",2307.386921167053,2643.565896620264,21.10618359119896,5340.431646925404,0.07110704,117.45383522727273
"【异世界情绪】日文翻唱《レイニーブーツ_Rainy Boots》 - 1.ヰ世界情緒_レイニーブーツ_zhang(Av978064949,P1).mp3",2705.6849702843815,2709.094878772104,21.367632770400967,5950.7623170910665,0.0953096,143.5546875
"【异世界情绪】日文翻唱《ロスト・デリュージョン_Lost Delusion》 - 1.【异世界情绪】日文翻唱《ロスト・デリュージョン_Lost Delusion》(Av685580055,P1).mp3",2673.08137620116,2507.5158144045363,20.2617630722245,5726.419023154438,0.118346594,129.19921875
"【异世界情绪】日文翻唱《ヴァンパイア_吸血鬼》 - 1.【异世界情绪】日文翻唱《ヴァンパイア_吸血鬼》(Av559561294,P1).mp3",2469.796760656771,2583.5808179669343,21.270494937104957,5506.9998813981765,0.1035448,161.4990234375
"【异世界情绪】日文翻唱《乙女解剖_少女解剖》 - 1.ヰ世界情緒_乙女解剖_zhang(Av979525573,P1).mp3",2635.572483679868,2643.8888217206613,21.761705934185787,5728.667746353037,0.090273455,135.99917763157896
"【异世界情绪】日文翻唱《初恋日記》 - 1.【异世界情绪】日文翻唱《初恋日記》(Av690615688,P1).mp3",2660.2199892362687,2763.818943450553,22.666274672333053,6030.092839786173,0.08101915,143.5546875
"【异世界情绪】日文翻唱《夜顔の告白_夜颜的告白》 - 1.ヰ世界情緒_夜顔の告白（中文字幕）(Av542494035,P1).mp3",3267.2228888097225,2793.4983222623755,21.760151888075093,6667.680432863966,0.099740654,103.359375
"【异世界情绪】日文翻唱《海の幽霊_海的幽灵》 - 1.ヰ世界情緒_海の幽霊_zhang(Av550194449,P1).mp3",1866.6530783372864,2173.0658446664484,24.964832583282863,3942.8331960290616,0.05333658,89.10290948275862
"【异世界情绪】日文翻唱《深海少女》 - 1.深海少女_zhang(Av468927902,P1).mp3",2240.1103884333825,2404.4184428542694,22.585930213909965,4793.017297820028,0.069510706,135.99917763157896
"【异世界情绪】日文翻唱《熱異常_热异常》 - 1.【异世界情绪】日文翻唱《熱異常_热异常》(Av908754224,P1).mp3",2090.828131365624,2488.475634931665,21.776268813599987,4844.264105303618,0.070176564,92.28515625
"【异世界情绪】日文翻唱《猫の食卓_猫的餐桌》 - 1.ヰ世界情緒_猫の食卓_最终(Av847496015,P1).mp3",2492.393951367215,2456.6610680796643,22.50187217294366,5233.020686126813,0.07367618,107.666015625
"【异世界情绪】日文翻唱《真生活》 - 1.ヰ世界情緒_真生活_zhang(Av638020168,P1).mp3",2197.526363272854,2340.0797326404168,23.622959591436025,4745.83879828163,0.0770014,129.19921875
"【异世界情绪】日文翻唱《第三の心臓_第三心脏》 - 1.ヰ世界情緒_第三の心臓_zhang(Av505646910,P1).mp3",2109.7896024366864,2498.1985838233927,22.19108672823892,4877.311549495712,0.065906815,112.34714673913044
"【异世界情绪】日文翻唱《誰か、海を。_谁来、将海。》 - 1.ヰ世界情緒_誰か、海を。_最终(Av546832696,P1).mp3",1997.2022236722487,2260.4280123636477,24.30945219848125,4190.796979441629,0.054227952,143.5546875
"【异世界情绪】日文翻唱《運命_命运》 - 1.ヰ世界情緒_運命_zhang(Av893461504,P1).mp3",2712.3325827310905,2657.0914468598326,21.658257956219725,5917.3786332025675,0.10281101,89.10290948275862
"【异世界情绪】日文翻唱《鳥の詩_鸟之诗》 - 1.【情】鸟之诗(Av332262023,P1).mp3",1921.7049267931213,2382.121378748359,23.449036056718835,4552.8155363337655,0.046241563,123.046875
"【来自深渊】Hanezeve Caradhina 日曲完整版 - 1.1(Av16693457,P1).mp3",1977.5162726168176,2237.3758590069583,23.7437921855011,4195.169879822609,0.016723938,161.4990234375
"【東方神霊廟】～ 聖徳伝説 ～ True Administrator ～ 原曲【高音質】 - 1.1(Av264927,P1).mp3",2346.786760371511,2385.2036433975336,22.715702280141496,5002.518330925225,0.018783437,107.666015625
"【櫻花アリス】 透明哀歌 【こぬこ／Cover】 - 1.1(Av1586207,P1).mp3",2791.855030819551,2558.3200379411487,22.065581765563053,5564.037939836012,0.03344233,112.34714673913044
"【歌ってみた】MACARON covered by ヰ世界情緒 - 1.ヰ世界情緒_Macaron(Av82653007,P1).mp3",2455.9319627159234,2593.1339809969263,21.72455535440256,5464.771003286109,0.09434514,143.5546875
"【歌ってみた】あなぐらぐらし covered by ヰ世界情緒 - 1.ヰ世界情緒_あなぐらぐらし(Av884526676,P1).mp3",2371.0259850841103,2441.5808443239107,22.823826311259904,5067.028940991052,0.044806212,129.19921875
"【歌ってみた】エンドロール covered by ヰ世界情緒 - 1.ヰ世界情緒_エンドロール(Av711943915,P1).mp3",2193.4467857699365,2384.0710488470627,22.288761410134754,4793.114641870576,0.08051667,151.99908088235293
"【歌ってみた】メテオ covered by ヰ世界情緒 - 1.ヰ世界情緒_メテオ(Av926201717,P1).mp3",2604.442267931266,2582.229223912427,23.894573005634797,5537.248684077518,0.045318607,143.5546875
"【歌ってみた】共感覚おばけ covered by ヰ世界情緒 - 1.ヰ世界情緒_共感覚おばけ(Av81747125,P1).mp3",3136.935617543153,2679.2075479377363,21.363209325361236,6393.895163484577,0.13296196,92.28515625
"【歌ってみた】垂直落下 covered by ヰ世界情緒 - 1.ヰ世界情緒_垂直落下(Av925826419,P1).mp3",1937.160780710141,2117.7976389823475,24.657328890180448,4008.9610615298543,0.060389522,95.703125
【歌ってみた】少女レイ ⧸ covered by ヰ世界情緒.wav,2599.3652778558253,2652.2689407241137,22.261411234672966,5588.36538191322,0.026670104,151.99908088235293
"【歌ってみた】白昼夢 covered by ヰ世界情緒 - 1.ヰ世界情緒_白昼夢(Av926693430,P1).mp3",2482.8532206009686,2476.0319645820023,21.768673393591,5191.128976455969,0.08986876,86.1328125
"【歌ってみた】蜜月アン・ドゥ・トロワ covered by ヰ世界情緒 - 1.ヰ世界情緒_蜜月アンドゥトロワ(Av83986529,P1).mp3",2088.062319963969,2372.958926707484,25.036218409572573,4530.326681257503,0.050266873,184.5703125
"【理芽】 #08「食虫植物」 （Official Music Video） - 1.rim_syokuchu_1230_1(Av81877256,P1).mp3",1955.1786388862442,2064.9876959319545,22.92276001334277,4035.0251752614067,0.106836,123.046875
"【瓦利斯】原创歌曲 #016《革命バーチャルリアリティ（覚醒 ver.）_革命虚拟现实（觉醒 ver - 1.0222_VALIS_MV_online_zhang(Av211799193,P1).mp3",2921.9381738667025,2794.132359186128,22.04286709338297,6411.0594527110425,0.064853586,95.703125
"【病娇少女之歌】 要有礼貌哦 - 1.【病娇少女之歌】 要有礼貌哦(Av771007017,P1).mp3",2436.6499751711845,2578.740074547744,20.95531744615294,5386.541432154656,0.039047282,129.19921875
"【翻唱】Phony - ツミキ _ 町田千麻(Cover) - 1.phony(Av419711743,P1).mp3",2527.726976511028,2590.160574145762,22.43995796894086,5546.081922181259,0.023512568,172.265625
"【翻唱】ド屑 _ 大人渣 - なきそ _ 町田千麻 (Cover) - 1.ド屑 - なきそ _ 町田ちま(Cover)(Av300846932,P1).mp3",2110.9591411820143,2340.2318564892585,21.891392589851577,4363.911952120687,0.036313765,117.45383522727273
"【翻唱】ヨワネハキ feat. 和ぬか, asmi - MAISONdes (Cover) _ KM - 1.ヨワネハキ feat. 和ぬか, asmi - MAISONdes (Cov(Av854121796,P1).mp3",2706.8470828450577,2798.3533577969715,23.073450310100814,6010.251859521273,0.02795625,107.666015625
"【翻唱】ヴァンパイア_vampire【白雪艾莉娅】 - 1.ヴァンパイア　完成(Av502558563,P1).mp3",2500.0610063595686,2553.148634717237,22.28393951299775,5332.578248376466,0.031216599,161.4990234375
"【翻唱】可爱的女朋友 ／ syudou【Kotone(天神子兔音)cover】 - 1.【翻唱】可爱的女朋友 ／ syudou【Kotone(天神子兔音)cover(Av760822497,P1).mp3",2547.522771810256,2567.555072055085,23.67672336937613,5367.128952942381,0.023482768,161.4990234375
"【翻唱】精神电锯 ／ かいりきベア【Kotone(天神子兔音)cover】 - 1.【翻唱】精神电锯 ／ かいりきベア【Kotone(天神子兔音)cover】(Av545527667,P1).mp3",2655.4333820461056,2539.7906040805906,21.735966589126523,5456.71494578465,0.031977132,184.5703125
"【翻唱】致我所珍视的人（大切な人たちへ）cover.by 白咲べる - 1.致我所珍视的人(Av885435952,P1).mp3",1660.457265223503,1901.8833983785312,26.408836328960934,3385.520748231995,0.009209326,69.83741554054055
"【花谱】「不埒な喝采_不羁的喝彩」原创歌曲 - 1.不羁的喝彩(Av504244351,P1).mp3",2101.260655872091,2128.8882879081384,22.01133174403676,4387.945581336931,0.13112217,161.4990234375
"【萌系音乐】未完成ロマンチック - ミツキヨ (Feat.ことのは) - 1.01. 未完成ロマンチック(Feat.ことのは)(Av76914322,P1).mp3",2442.9747416995315,2478.7802334699245,21.974443084302784,5214.842094772935,0.025223553,123.046875
"【谢拉×Mana】magnet【贴贴】 - 1.【シエラ×マナ】magnet【歌ってみた】(Av70374361,P1).mp3",2211.54438235638,2457.0308862185016,22.779469476712624,4914.0597802436905,0.019838275,107.666015625
"【音街ウナ】初恋日記【香椎モイミ】 - 1.【音街ウナ】初恋日記【香椎モイミ】(Av558130680,P1).mp3",2624.671937903768,2736.9667917895244,22.6218106611801,5883.222943474265,0.051745337,143.5546875
"おくすり飲んで寝よう - 桃寝ちのい （cover） - 1.おくすり飲んで寝よう - 桃寝ちのい （cover）(Av865533343,P1).mp3",3300.933270181653,3068.934380048256,21.83054325141231,7165.177303982764,0.04992953,129.19921875
かたぎり - かたぎりの長い午後 - One of Us.flac,3410.097105735403,2952.8270310585617,19.09269916259987,7117.647110727125,0.111330405,129.19921875
かねこちはる - TEmPTaTiON.mp3,2449.636855215702,2486.942476302843,22.86924079429541,5310.413836050725,0.04829487,161.4990234375
かめりあ - Electromagnetic Stealth Girl Born In Philadelphia.mp3,2949.2218613841787,2730.1448345390913,20.37507233750212,6196.535773632091,0.070747145,129.19921875
"かめりあ feat. ななひら - ƒiиorzᾶ - 1.かめりあ feat. ななひら - ƒiиorzᾶ_3(Av592433402,P1).mp3",2817.7278726813365,2760.2138739527286,21.54449450458261,6105.894145832708,0.058465384,112.34714673913044
"きゅうくらりん (cover) _ 鎖那 - 1.きゅうくらりん (cover) _ 鎖那(Av772160575,P1).mp3",2333.9125205882196,2533.823182287862,21.570930111143003,5089.523723576478,0.031380896,112.34714673913044
"きゅうくらりん - ちのい （cover） - 1.きゅうくらりん - ちのい （cover）(Av736918126,P1).mp3",2107.5719828562565,2493.0591342709317,22.11983545759675,4766.319395739821,0.021151373,112.34714673913044
"ごめんね ごめんね／森中花咲(cover) - 1.ごめんね ごめんね／森中花咲(cover)(Av201743511,P1).mp3",2980.821293409462,2740.397031935805,22.570699434308573,6232.318355335363,0.035559658,112.34714673913044
"ちゅ、多様性。 - ちのい （cover） - 1.ちゅ、多様性。 - ちのい （cover）(Av652264749,P1).mp3",3141.1796829292816,2988.824481916931,22.68150561219129,6933.564046375957,0.052447952,151.99908088235293
"めりぃめりぃろんり～ - ちのい（original） - 1.めりぃめりぃろんり～ - ちのい（original）(Av437054824,P1).mp3",2749.4283770085963,2750.5935064936048,22.45949520556812,6252.850824655153,0.08727748,117.45383522727273
"もうそう♡えくすぷれす - ちのい （cover） - 1.もうそう♡えくすぷれす - ちのい （cover）(Av949622181,P1).mp3",3039.870899159863,2919.8894564877737,22.55369915900482,6676.127786907682,0.054541018,99.38401442307692
アニマルらんど.mp3,2867.1790143548747,2585.2455251472966,22.605445321094713,5714.358154073098,0.037947737,151.99908088235293
"エヌ - ちのい （cover） - 1.エヌ - ちのい （cover）(Av694615330,P1).mp3",3245.201418418024,2932.3895148507754,23.35646119943621,6837.547393426847,0.045536604,66.25600961538461
"キッカイケッタイ - ちのい （cover） - 1.キッカイケッタイ - ちのい （cover）(Av482131061,P1).mp3",2705.665030354527,2913.8107043619443,21.79392147418524,6347.292258522727,0.026165185,107.666015625
クモヒトデのうまる砂の上で - 桃寝ちのい × 桜苺ちる （cover）.flac,2759.070927009172,2774.0771469552365,22.197493689561984,6236.058422748849,0.039299194,143.5546875
"ステラの座 _ 雄之助 feat. 星界 - 1.ステラの座(Av980684562,P1).mp3",2320.28211261785,2361.7157052454363,23.254835216039417,4972.802658756223,0.02749374,99.38401442307692
"マオ ／森中花咲(cover) - 1.マオ ／森中花咲(cover)(Av205002067,P1).mp3",2956.101246652082,2654.3238102281525,22.804459424760438,5980.409541926519,0.039774712,151.99908088235293
リンリン♪がぁらふぁらんど - 桃寝ちのい × 日あさ寝 （cover）.flac,3212.256522706819,2797.150703466736,23.232038547603263,6438.896144795471,0.0478368,86.1328125
"ロータスイーター - ちのい （cover） - 1.ロータスイーター - ちのい （cover）(Av864415142,P1).mp3",3266.1742017952843,2954.7211846540504,21.41748306744842,6930.137427263894,0.060427785,95.703125
"一如既往的场所 「いつもこの場所で」  AMV - 1.1(Av9676829,P1).mp3",2414.0377231151615,2527.6594095918035,23.16509890586697,5071.488094280751,0.02300552,89.10290948275862
"不断被替换的渺小存在【ゆえぽる】 - 1.1(Av621161,P1).mp3",2386.568801522275,2359.39398771738,23.409638385454162,4877.2595742252415,0.018675651,117.45383522727273
"今夜はブギー・バック - 小沢健二 featuring スチャダラパー｜covered by som - 1.今夜はブギー・バック - 小沢健二 featuring スチャダラパー｜co(Av637141452,P1).mp3",1476.557903981251,2110.5695634371377,22.727664207202995,3199.812444223439,0.014714124,92.28515625
"冬之花，但是高音质(24bit 96khz flac) - 1.1(Av296055534,P1).mp3",1985.138240373515,2005.49863419963,22.811387504483605,3903.973671404737,0.11285344,99.38401442307692
"冰雪消融之时，我们能否「再会」？【艾因Eine&勺Shaun】翻唱 - 1.再会【艾因&勺】(Av418809225,P1).mp3",2302.01496162428,2593.6526130363122,25.69749081500044,4921.782946788849,0.018517409,89.10290948275862
"勺翻唱了死神 - 1.死神 _ 勺(Av889860452,P1).mp3",2361.6845544662538,2400.6592219159716,22.889595377706982,4842.594663558468,0.025120249,117.45383522727273
"命运 _ 春卷饭×煮儿果实 feat.初音未来＆v flower - 1.運命MV202108273mix02master01(Av805237466,P1).mp3",2587.3180024584394,2504.9870325695,21.57637102057073,5294.564101959578,0.06256821,89.10290948275862
"天 使 - 1.天使(Av376459307,P1).mp3",3027.722697100634,2567.4802562755194,22.42422185586064,5842.6766135475855,0.037786793,123.046875
"女の子になりたい _  まふまふ - 1.onnanokoninaritai(Av73334896,P1).mp3",2353.3949894820203,2398.651522951311,22.92074326915202,4927.426017201173,0.022224914,143.5546875
"少女レイ- みきとP covered by 明透【cc字幕】 - 1.少女レイ- みきとP covered by 明透(Av514461244,P1).mp3",2251.7562861806323,2355.9884594280297,22.756920693279213,4587.650982111327,0.01668128,151.99908088235293
"山茶花 Camellia かめりあ - Exit This Earth's Atomosphere - 1.Camellia - Exit This Earth's Atomosphe(Av286636372,P1).mp3",3036.8244512678734,2666.745047759815,21.118904440417676,6210.18406035641,0.07363681,172.265625
"幸福な死を - 桃寝ちのい （cover） - 1.幸福な死を - 桃寝ちのい （cover）(Av483465375,P1).mp3",2837.182254907257,2915.7245384620273,22.193962748559485,6546.453320219507,0.025768496,86.1328125
"悶々ふぁんもおらん - 桃寝ちのい （cover） - 1.悶々ふぁんもおらん - 桃寝ちのい （cover）(Av908915179,P1).mp3",2805.362142011929,2859.7437614170562,21.52893955743078,6323.829156206497,0.037284456,123.046875
"携帯恋話／rie - 1.AAAAA(Av841455089,P1).mp3",2835.733836594416,2518.2728407239483,23.53734132255776,5640.391455325984,0.03444769,151.99908088235293
星野-Say so.mp3,2319.350931039498,2375.500743296525,23.43000276924382,4854.673419530186,0.024072168,112.34714673913044
玩具⧸ V.W.P #10【系譜曲】.wav,2486.267633300722,2540.755886521957,21.029958364890717,5329.526697482829,0.07013187,161.4990234375
"知りたい - 水野あつ covered by 存流【cc字幕】 - 1.【歌ってみた】知りたい - 水野あつ covered by 存流(Av547227860,P1).mp3",2664.632296360485,2610.2433849321405,22.750813312784587,5547.94842068047,0.03747028,161.4990234375
"稲葉曇『ラグトレイン』Vo. 歌愛ユキ _ 稻叶昙- Lagtrain (Vo. 歌爱雪) - 1.ラグトレイン(Av883823306,P1).mp3",2561.486079953187,2614.3662423443616,21.472403705211565,5585.188702317754,0.03280393,143.5546875
"稲葉曇『ロストアンブレラ』Vo. 歌愛ユキ _ 稻叶昙- Lost Umbrella (Vo. 歌爱 - 1.P1(Av20410843,P1).mp3",2499.088016193287,2549.8248994809023,21.548973849482387,5453.870186886026,0.024232032,135.99917763157896
"索姆尼娅酱 - にどねどりーむ！ - 1.そむにあちゃん - にどねどりーむ！(Av340371032,P1).mp3",2217.68741662345,2501.9011840565313,23.608909135465705,4734.786869051665,0.0154584935,89.10290948275862
"自制中文字幕【初音ミク】重新分娩【MARETU】 - 1.1(Av13814000,P1).mp3",2760.723904054245,2629.991090502256,21.835046651802642,5781.699247496584,0.035475537,129.19921875
"论Sound Chimera切换了多少种曲风 - 1.Sound Chimera_1(Av850624827,P1).mp3",2918.733531541421,2830.2716690344805,19.775800770773895,6305.500415708961,0.0466136,95.703125
"醒餞の鳥(Seisen no Tori) - Feryquitous feat. Risa Yuzu - 1.seisennotori_youtube(Av205840666,P1).mp3",2569.0414440173627,2632.877607065279,23.576907352274592,5537.2916112806515,0.027785016,89.10290948275862
