filename,spectral_bandwidth,spectral_contrast,bpm,wav_entropy,wav_std_dev,weighted_cosine_similarity
"Silentroom vs Frums - Aegleseeker (Cansol Piano Ar - 1.Silentroom vs Frums - Aegleseeker (Can(Av973005026,P1).mp3",901.2403594044328,26.951266291644277,92.28515625,19.610806,14.550552,0.765190256991175
"【翻唱】致我所珍视的人（大切な人たちへ）cover.by 白咲べる - 1.致我所珍视的人(Av885435952,P1).mp3",1901.883398366157,26.408836329793537,69.83741554054055,20.226742,16.60787,0.3233930196107113
"【歌ってみた】垂直落下 covered by ヰ世界情緒 - 1.ヰ世界情緒_垂直落下(Av925826419,P1).mp3",2117.7976389206806,24.65732889055151,95.703125,20.508682,16.231913,0.22883378240194785
"【异世界情绪】#10《シリウスの心臓_天狼星的心脏》 - 1.【中字】天狼星的心脏(Av245856254,P1).mp3",2124.1148088245845,25.20802653039172,112.34714673913044,20.728857,12.966617,0.1976008398404619
"【异世界情绪】日文翻唱《海の幽霊_海的幽灵》 - 1.ヰ世界情緒_海の幽霊_zhang(Av550194449,P1).mp3",2173.065844629165,24.96483258840474,89.10290948275862,20.3529,13.296411,0.19491591875014216
"『MAD 中日歌詞』 劇場版 遊戲人生 Zero 主題曲： THERE IS A REASON -  - 1.1(Av16040894,P1).mp3",2267.893056134036,24.3469765989325,135.99917763157896,20.584307,15.776799,0.19061339359948776
01 ｉｎ　ｆａｃｔ.wav,2038.8066309248504,24.45085535145138,83.35433467741936,20.445892,12.257769,0.18762370317561006
"冬之花，但是高音质(24bit 96khz flac) - 1.1(Av296055534,P1).mp3",2005.498634204976,22.81138748400141,99.38401442307692,20.447939,15.045616,0.1863860981671146
"【ナースロボ＿タイプＴ Caramel Act.2】たぶん _ 大概【UTAU cover +UST - 1.たぶん(Av796569992,P1).mp3",2033.0600124875784,23.89752187221979,89.10290948275862,20.419508,13.088824,0.18547673627964165
"「Memento Mori手游」完整版抒情诗合集（1080P_320K_中字） - 7.今天的我不一定是昨天的我（Song by 黑云）卡罗（立花日菜）(Av300361986,P7).mp3",2167.4883036374954,25.248058478913624,172.265625,20.351786,12.740547,0.17939088126323982
"【异世界情绪】日文翻唱《誰か、海を。_谁来、将海。》 - 1.ヰ世界情緒_誰か、海を。_最终(Av546832696,P1).mp3",2260.4280123039634,24.309452212027413,143.5546875,20.655872,14.712647,0.17768539727088348
"【V.W.P】《言霊_言灵》 _ V.W.P #6【Original MV】 - 1.言霊_220117_zhang(Av253310569,P1).mp3",2264.4023785529166,24.03051335521988,86.1328125,20.542397,14.5861435,0.17756290370726052
"「有什么不好」—結束バンド【孤独摇滚】 - 1.【中日歌词_完整版】孤独摇滚ED3「有什么不好」—結束バンド【孤独摇滚】(Av475500353,P1).mp3",2217.1272827749453,23.281016480569228,123.046875,20.215885,15.38044,0.17360342497815745
"【偶像大师音乐】 はじめてのチュウ 赤城みりあcv_黒沢ともよ - 1.【偶像大师音乐】 はじめてのチュウ 赤城みりあcv_黒沢ともよ(Av98634874,P1).mp3",2407.9507831567616,24.980626554727667,107.666015625,20.46257,13.699474,0.17153926622645288
"【歌ってみた】蜜月アン・ドゥ・トロワ covered by ヰ世界情緒 - 1.ヰ世界情緒_蜜月アンドゥトロワ(Av83986529,P1).mp3",2372.958926706071,25.03621837636746,184.5703125,20.425377,14.406434,0.1703333226174117
"【ナースロボ＿タイプＴ】milk【UTAUcover】 - 1.milk(Av632543544,P1).mp3",2191.405965744016,22.41160881802409,112.34714673913044,20.064983,16.260801,0.1693050786761156
"【异世界情绪】日文翻唱《カミノコトバ_神的话语》 - 1.【情】神的话语(Av843779161,P1).mp3",2003.5361751611124,22.81985810636113,112.34714673913044,20.640211,13.738843,0.16643146941169773
"【官方】King Gnu - 《Prayer X》MV（动画《战栗杀机》ED） - 1.Prayer X_fin0911(Av678263203,P1).mp3",2037.394789247754,22.381719146056263,86.1328125,20.034357,14.360525,0.16588095125661304
"冰雪消融之时，我们能否「再会」？【艾因Eine&勺Shaun】翻唱 - 1.再会【艾因&勺】(Av418809225,P1).mp3",2593.652613059741,25.697490815047697,89.10290948275862,20.345724,13.383694,0.16587683192400055
"【めぐ】Flyer! - 1.【オリジナルMV】「Flyer! 」歌ってみたver.めぐ - ニコニコ動画(Av767684721,P1).mp3",2528.2726886988908,23.046383864806234,95.703125,20.109581,17.493908,0.16274671198281762
"索姆尼娅酱 - にどねどりーむ！ - 1.そむにあちゃん - にどねどりーむ！(Av340371032,P1).mp3",2501.901183894061,23.608909135837784,89.10290948275862,19.799145,16.05169,0.16262616499772684
"「吉他与孤独与蓝色星球」第五集live部分插曲—結束バンド【孤独摇滚】 - 1.ギターと孤独と蒼い惑星(Av562317092,P1).mp3",2265.5626165488293,22.41718274366003,95.703125,20.203377,16.215801,0.16199695959607963
"【初音ミク ＆ 可不】成为空【MIMI】 - 1.P1(Av295707376,P1).mp3",2305.959582555063,23.927879611872047,83.35433467741936,19.670744,13.351496,0.16037146021355306
"「Memento Mori手游」完整版抒情诗合集（1080P_320K_中字） - 1.小熊（Song by Koresawa）索尔缇娜（南条爱乃）(Av300361986,P1).mp3",2162.5202850390883,23.81723992118689,151.99908088235293,20.581059,13.093676,0.15805282286976793
マシュマリー (feat. 花里みのり & 桃井愛莉 & 初音ミク).flac,2508.2629833798933,24.61848863024811,123.046875,20.143953,13.703001,0.1555266680441655
"今夜はブギー・バック - 小沢健二 featuring スチャダラパー｜covered by som - 1.今夜はブギー・バック - 小沢健二 featuring スチャダラパー｜co(Av637141452,P1).mp3",2110.5695633602063,22.72766421091717,92.28515625,20.890997,13.955745,0.1554366091574677
"ステラの座 _ 雄之助 feat. 星界 - 1.ステラの座(Av980684562,P1).mp3",2361.715705277384,23.25483521569073,99.38401442307692,20.105976,14.719416,0.15415001207540813
"【翻唱】可爱的女朋友 ／ syudou【Kotone(天神子兔音)cover】 - 1.【翻唱】可爱的女朋友 ／ syudou【Kotone(天神子兔音)cover(Av760822497,P1).mp3",2567.5550719884386,23.67672337078172,161.4990234375,19.413927,16.225584,0.1536236852589758
"一如既往的场所 「いつもこの場所で」  AMV - 1.1(Av9676829,P1).mp3",2527.6594096143026,23.165098908162864,89.10290948275862,20.682253,16.29602,0.15231501650479015
"【异世界情绪】日文翻唱《鳥の詩_鸟之诗》 - 1.【情】鸟之诗(Av332262023,P1).mp3",2382.121378695294,23.44903605753198,123.046875,20.987558,14.814895,0.1520885508041099
"女の子になりたい _  まふまふ - 1.onnanokoninaritai(Av73334896,P1).mp3",2398.6515229794927,22.92074326898577,143.5546875,20.282202,15.944994,0.15188463639580047
"不断被替换的渺小存在【ゆえぽる】 - 1.1(Av621161,P1).mp3",2359.3939876538416,23.40963838446947,117.45383522727272,20.370483,14.221934,0.15017348934504224
"【Mili】Ga1ahad and Scientific Witchery （加拉哈德1号与科学性巫 - 1.1(Av3838286,P1).mp3",2307.06197356682,23.529638376075685,83.35433467741936,20.177778,13.272704,0.14978126978635328
"「不埒な喝采」  covered by 跳亜【cc字幕】 - 1.【歌ってみた】「不埒な喝采」  covered by 跳亜(Av810542096,P1).mp3",2520.8249435383086,23.602642428630443,161.4990234375,19.668413,15.503448,0.14918078551815422
"【谢拉×Mana】magnet【贴贴】 - 1.【シエラ×マナ】magnet【歌ってみた】(Av70374361,P1).mp3",2457.03088620644,22.7794694766296,107.666015625,20.290829,16.057297,0.14905035913726086
"【理芽】 #08「食虫植物」 （Official Music Video） - 1.rim_syokuchu_1230_1(Av81877256,P1).mp3",2064.987695859332,22.92276004144085,123.046875,19.822823,12.490356,0.14842158758672994
"「Memento Mori手游」完整版抒情诗合集（1080P_320K_中字） - 39.Dokie Doggy Night（Song by alfakyun） 墨(Av300361986,P39).mp3",2464.8323153315705,23.45860227318486,123.046875,20.048449,14.758788,0.14799329913044895
"【歌ってみた】エンドロール covered by ヰ世界情緒 - 1.ヰ世界情緒_エンドロール(Av711943915,P1).mp3",2384.071048865094,22.28876140912842,151.99908088235293,20.481644,16.813213,0.14767111000232513
"【官方】King Gnu - 《白日》MV（日剧《冤罪律师》主题曲） - 1.KG_HAKUJITSU_H264_0210final(Av465676178,P1).mp3",2237.428200406771,22.10518260791232,92.28515625,20.515816,15.38418,0.1475946789800916
"【東方神霊廟】～ 聖徳伝説 ～ True Administrator ～ 原曲【高音質】 - 1.1(Av264927,P1).mp3",2385.203643381911,22.71570228093917,107.666015625,20.857033,15.627164,0.14756029670690696
"醒餞の鳥(Seisen no Tori) - Feryquitous feat. Risa Yuzu - 1.seisennotori_youtube(Av205840666,P1).mp3",2632.8776069762894,23.5769073541678,89.10290948275862,20.314625,15.651826,0.14652114261255
"【官方】King Gnu - 《三文小说》MV（日剧《35岁的少女》主题曲） - 1.KG_SS_H264_4K_1102(Av508903187,P1).mp3",2054.806352707028,22.91341460171138,89.10290948275862,20.54977,12.122523,0.1450333153684334
"【异世界情绪】#24 《霞がついてくる_雾霭相随》原创歌曲MV - 1.211207_zhang(Av549651069,P1).mp3",2345.2041205672904,22.71688955897683,129.19921875,20.159336,14.987041,0.14479384917510213
"【flower】猛毒【かいりきベア】 - 1.ベノム _ flower - niconico動畫(Av28356844,P1).mp3",2275.4568619995853,22.239739274536483,151.99908088235293,20.049555,15.64786,0.1447362388676376
かねこちはる - TEmPTaTiON.mp3,2486.942476342086,22.869240790972945,161.4990234375,19.55218,16.050844,0.14368362164037377
"【异世界情绪】#05 《ハイドレンジア_绣球花》原创歌曲MV - 1.【情】绣球花(Av243752757,P1).mp3",2306.138488810184,22.76435119401981,135.99917763157896,20.387777,14.58573,0.143306211099586
"「Memento Mori手游」完整版抒情诗合集（1080P_320K_中字） - 33.红洋装（Song by 叶月由罗）艾薇（古贺葵）(Av300361986,P33).mp3",2661.871287433829,23.04752745015724,123.046875,20.367981,16.679861,0.14286287502635844
"『中日歌詞付き』 譚雅戦記ED1 FULL - Los! Los! Los! - 悠木碧 - 1.『Lyrics Video - 中日歌詞付き』 幼女戦記 Youjo Sen(Av9081138,P1).mp3",2267.301299920541,21.387004958218316,117.45383522727272,20.135862,16.63086,0.1425777546560396
"【ナースロボ＿タイプＴ Sugar】あなたクランケン【UTAU音源配布】 - 1.2(Av291477249,P1).mp3",2331.244180042684,22.623839555413745,135.99917763157896,20.12981,14.852581,0.1419134924341568
"【花谱】「不埒な喝采_不羁的喝彩」原创歌曲 - 1.不羁的喝彩(Av504244351,P1).mp3",2128.888287915242,22.01133174161551,161.4990234375,19.720455,14.755088,0.1410060662665818
"【Full MV】逆行して逃避行 - BlackY feat. Risa Yuzuki - 1.【Full MV】逆行して逃避行 _ Risa Yuzuki(Av501639085,P1).mp3",2525.6234270884106,23.33204095859844,135.99917763157896,20.759924,15.050041,0.14084121540460443
"【异世界情绪】日文翻唱《深海少女》 - 1.深海少女_zhang(Av468927902,P1).mp3",2404.4184428522294,22.585930189630783,135.99917763157896,20.211504,15.306683,0.13982883797789583
星野-Say so.mp3,2375.5007433037003,23.43000277170034,112.34714673913044,20.302097,13.065678,0.13791930139372166
"少女レイ- みきとP covered by 明透【cc字幕】 - 1.少女レイ- みきとP covered by 明透(Av514461244,P1).mp3",2355.9884594268783,22.756920694097303,151.99908088235293,20.582886,14.70722,0.1377388340577483
ももいろの鍵 (feat. 花里みのり & 桐谷遥 & 桃井愛莉 & 日野森雫 & 巡音ルカ).flac,2395.6056500020145,21.873977007748845,83.35433467741936,20.056538,16.047735,0.13766279843729473
"【来自深渊】Hanezeve Caradhina 日曲完整版 - 1.1(Av16693457,P1).mp3",2237.375858935525,23.74379218481053,161.4990234375,20.060425,11.937966,0.13750227393074715
"「Memento Mori手游」完整版抒情诗合集（1080P_320K_中字） - 8.困惑星旅行（Song by 芹泽优）妮娜（芹泽优）(Av300361986,P8).mp3",2410.8192810201585,24.14407521254188,143.5546875,19.983212,12.147657,0.13740594762355324
リンリン♪がぁらふぁらんど - 桃寝ちのい × 日あさ寝 （cover）.flac,2797.150703471409,23.23203854487705,86.1328125,20.148285,16.483189,0.13674897486341414
"【异世界情绪】日文翻唱《あだぽしゃ_尸蜡》 - 1.ヰ世界情緒_あだぽしゃ_zhang(Av766467956,P1).mp3",2366.6560312370293,22.734650141778985,107.666015625,20.17882,13.96313,0.13460274903030067
"【异世界情绪】日文翻唱《真生活》 - 1.ヰ世界情緒_真生活_zhang(Av638020168,P1).mp3",2340.079732616065,23.62295957458514,129.19921875,20.41651,12.265381,0.13442010417601732
"「Memento Mori手游」完整版抒情诗合集（1080P_320K_中字） - 2.Ⅶ. THE RUST（Song by 茅原实里）A.A.（茅原实里）(Av300361986,P2).mp3",2414.926485108368,24.21505630674628,103.359375,20.286165,11.355388,0.1333352769246699
"【れい】吐出 - 1.はきだすを歌いました - ニコニコ動画(Av16454782,P1).mp3",2503.7781118201847,22.347535492819524,112.34714673913044,19.753008,15.523601,0.13271581540428604
"【Mili】Vitamins--  Mili feat World s end girlfriend - 1.Vitamins--Mili feat World s end girlfr(Av38560371,P1).mp3",2409.0315087577437,23.35159599690609,95.703125,20.634666,12.840541,0.13137244579250537
"【somunia熟肉】食虫植物 - 理芽  somunia - 1.【 cover 】食虫植物 - 理芽 _x264(Av928162828,P1).mp3",2494.361748035778,23.31775517855203,123.046875,19.716301,13.33468,0.1297707155768257
"【萌系音乐】未完成ロマンチック - ミツキヨ (Feat.ことのは) - 1.01. 未完成ロマンチック(Feat.ことのは)(Av76914322,P1).mp3",2478.780233447478,21.97444308635323,123.046875,20.427517,15.87821,0.12906391747767848
"「Future Funk」tomatoism - Ｓｏｍｅｏｎｅ Ｓｐｅｃｉａｌ - 1.「Future Funk」tomatoism - Ｓｏｍｅｏｎｅ Ｓｐｅｃｉ(Av378294129,P1).mp3",2113.7243714175866,22.19158037396014,143.5546875,20.176012,12.9693575,0.1279865979174781
"マオ ／森中花咲(cover) - 1.マオ ／森中花咲(cover)(Av205002067,P1).mp3",2654.32381019636,22.80445942719559,151.99908088235293,20.19473,15.589237,0.12782788458972516
"【中文字幕】somunia - Emerge - 1.somunia - Emerge_x264(Av382679438,P1).mp3",2145.2958962570888,23.60901476855647,143.5546875,20.305698,10.398387,0.12693349621370806
"【翻唱】ヴァンパイア_vampire【白雪艾莉娅】 - 1.ヴァンパイア　完成(Av502558563,P1).mp3",2553.1486348219355,22.28393951028677,161.4990234375,19.875065,15.808834,0.1263606121196698
[アナザーVER] ひつじがいっぴき (Hitsuji ga Ippiki) ⧸ 小豆沢こはね (Vivid BAD SQUAD) 歌詞 Lyrics プロセカ.flac,2460.9293088167,22.17648835729817,135.99917763157896,19.369032,14.995992,0.12577121676847666
"【ナースロボ＿タイプＴ】Penguin's Detour【UTAUcover】 - 1.1(Av248375142,P1).mp3",2234.926831365253,21.72836491992533,123.046875,20.173372,14.251002,0.12560314949766005
"携帯恋話／rie - 1.AAAAA(Av841455089,P1).mp3",2518.2728407205777,23.53734132298901,151.99908088235293,20.403818,13.010188,0.12550785154809468
"【歌ってみた】メテオ covered by ヰ世界情緒 - 1.ヰ世界情緒_メテオ(Av926201717,P1).mp3",2582.2292239344165,23.8945730062776,143.5546875,21.45007,12.955002,0.1253407843729471
"【官方MV_中日特效字幕】那个乐队「あのバンド」_ 孤独摇滚第八话插曲 - 1.【官方MV_中日特效字幕】那个乐队「あのバンド」_ 孤独摇滚第八话插曲(Av690575311,P1).mp3",2481.3424874221573,21.84193075259985,95.703125,20.118334,15.408364,0.12378412883418557
"【中日字幕】INTERNET OVERDOSE _ covered by 藍月なくる - 1.INTERNET OVERDOSE _ covered by 藍月なくる_A(Av254097540,P1).mp3",2672.151127701383,22.65644617427599,161.4990234375,20.18478,15.568878,0.12327077835089989
"【翻唱】ド屑 _ 大人渣 - なきそ _ 町田千麻 (Cover) - 1.ド屑 - なきそ _ 町田ちま(Cover)(Av300846932,P1).mp3",2340.231856509524,21.891392584229944,117.45383522727272,19.304056,14.247328,0.1226267967790515
"【异世界情绪】日文翻唱《猫の食卓_猫的餐桌》 - 1.ヰ世界情緒_猫の食卓_最终(Av847496015,P1).mp3",2456.661068155403,22.501872211573858,107.666015625,20.557335,13.924227,0.12217607697476762
【异世界情绪】日文翻唱《アンノウン・マザーグース_不为人知的鹅妈妈童谣》.mp3,2628.8635400163894,23.09045318730308,112.34714673913044,20.564466,13.9526005,0.12199265075188058
"勺翻唱了死神 - 1.死神 _ 勺(Av889860452,P1).mp3",2400.6592219081263,22.88959537954242,117.45383522727272,19.907305,12.695134,0.12189936974450963
"天 使 - 1.天使(Av376459307,P1).mp3",2567.4802562844325,22.424221855176885,123.046875,19.035282,14.650862,0.12097855880651534
"【BGA】 彁 - LeaF - 1.彁(Av247469165,P1).mp3",2605.7297630847274,22.99041256181605,107.666015625,19.538177,13.722657,0.12096971372022039
"「绝不会忘记」结束乐队／ TVアニメ「孤独摇滚」第12話劇中曲 - 1.【中日歌词_官方MV】「绝不会忘记」结束乐队／ TVアニメ「孤独摇滚」第12(Av521724987,P1).mp3",2530.68372388128,21.76959296265998,92.28515625,20.148403,15.586538,0.12084773258071843
"エヌ - ちのい （cover） - 1.エヌ - ちのい （cover）(Av694615330,P1).mp3",2932.389514882825,23.356461197970457,66.25600961538461,20.258081,15.152718,0.1198118084016527
"[Afflict] Determination feat.棗いつき - Laur - 1.Laur - Determination feat.棗いつき(Av718955077,P1).mp3",2633.568317614582,22.00969923270636,161.4990234375,20.417763,16.166468,0.11944237650387793
"【翻唱】精神电锯 ／ かいりきベア【Kotone(天神子兔音)cover】 - 1.【翻唱】精神电锯 ／ かいりきベア【Kotone(天神子兔音)cover】(Av545527667,P1).mp3",2539.7906039683994,21.735966591973305,184.5703125,19.84517,16.28179,0.11893155910113101
"【歌ってみた】白昼夢 covered by ヰ世界情緒 - 1.ヰ世界情緒_白昼夢(Av926693430,P1).mp3",2476.031964641573,21.768673355825324,86.1328125,20.463432,15.014877,0.1183614686159724
"きゅうくらりん - ちのい （cover） - 1.きゅうくらりん - ちのい （cover）(Av736918126,P1).mp3",2493.059134333098,22.119835457593656,112.34714673913044,20.15917,14.429519,0.11805844102033845
"【MV】Löschen (Long ver.) - BlackY feat. Risa Yuzuki - 1.[Risa Yuzuki] Loschen_FIX(Av722907250,P1).mp3",2697.255693045636,22.564176864254694,123.046875,20.310246,14.931627,0.1175577417211591
"【BOFU2017】 Lyrith -迷宮Lilith- 【FRENZ2017】 - 1.1(Av15249569,P1).mp3",2573.069170537472,22.13729242945978,89.10290948275862,19.621382,14.718673,0.11726975508776466
アニマルらんど.mp3,2585.2455251991546,22.605445319048872,151.99908088235293,20.227768,14.298666,0.11714894869204136
"【异世界情绪】#07 《とめどなき白情_无法停止的白情》原创歌曲MV - 1.（中字）とめどなき白情(Av584957022,P1).mp3",2474.349941952906,21.989662539949176,86.1328125,20.570967,14.459753,0.11701038255462587
"「Memento Mori手游」完整版抒情诗合集（1080P_320K_中字） - 10.篝火（Song by konoco）琳恩（村上奈津实）(Av300361986,P10).mp3",2623.5690582367,23.55123351671353,103.359375,20.76521,12.453123,0.1167613767620597
"【异世界情绪】#03 《物語りのワルツ_叙述者的华尔兹》原创歌曲MV - 1.【情】叙述者的华尔兹(Av91058373,P1).mp3",2433.373213611406,22.4558100032024,112.34714673913044,20.383654,13.278822,0.11658704048057517
果てのない旅.flac,2555.54803484182,22.13728291286176,117.45383522727272,19.800268,14.598496,0.11624013812091784
"自制中文字幕【初音ミク】重新分娩【MARETU】 - 1.1(Av13814000,P1).mp3",2629.991090448109,21.83504665246099,129.19921875,20.338997,15.766761,0.11585363266892891
"OTOMEROID - ちのい （cover） - 1.OTOMEROID - ちのい （cover）(Av352049886,P1).mp3",2479.98720176176,22.388546636237013,129.19921875,19.085733,13.631176,0.1157307883516459
"[まどそふと] 【ハミダシクリエイティブ凸 あすみED】トキラキメキ【公式・FULL】 ボーカル：ヒ - 1.【ハミダシクリエイティブ凸 あすみED】トキラキメキ【公式・FULL】 ボー(Av692661650,P1).mp3",2684.675041414058,22.597416151713645,135.99917763157896,20.29789,14.565191,0.11496372764848094
"命运 _ 春卷饭×煮儿果实 feat.初音未来＆v flower - 1.運命MV202108273mix02master01(Av805237466,P1).mp3",2504.98703254367,21.57637102031164,89.10290948275862,20.163242,15.177249,0.11493988349105375
"【翻唱】Phony - ツミキ _ 町田千麻(Cover) - 1.phony(Av419711743,P1).mp3",2590.160574066714,22.439957970036787,172.265625,19.950302,14.529998,0.11433695061965207
"きゅうくらりん (cover) _ 鎖那 - 1.きゅうくらりん (cover) _ 鎖那(Av772160575,P1).mp3",2533.8231823486144,21.57093011587014,112.34714673913044,20.144716,15.31147,0.11372626076676208
"【异世界情绪】日文翻唱《第三の心臓_第三心脏》 - 1.ヰ世界情緒_第三の心臓_zhang(Av505646910,P1).mp3",2498.198583767381,22.191086728667862,112.34714673913044,20.175737,13.838863,0.11333754159111585
"【异世界情绪】日文翻唱《アイデンティティ_Identity》 - 1.ヰ世界情緒_アイデンティティ_zhang(Av640211866,P1).mp3",2579.7948560170853,22.60600053530533,129.19921875,19.784908,13.491812,0.11234469091871518
"キッカイケッタイ - ちのい （cover） - 1.キッカイケッタイ - ちのい （cover）(Av482131061,P1).mp3",2913.810704328313,21.7939214739356,107.666015625,19.033646,16.984388,0.11145719806511933
"【异世界情绪】#28 《パンドラコール_PANDORA CALL》原创歌曲MV - 1.【异世界情绪】#28 《パンドラコール_PANDORA CALL》原创歌曲M(Av772179521,P1).mp3",2621.035255220956,22.020315430150973,129.19921875,20.240194,14.806153,0.11117666113754614
"1.【ゆいこんぬ】地球最后的告白(Av515192,P1).mp3",2708.088335455534,22.45495701289754,95.703125,20.482952,14.320772,0.11045580394326271
"【ななひら】INTERNET OVERDOSE - 1.【ななひら】INTERNET OVERDOSE(Av893089617,P1).mp3",2910.420753487176,22.84730854563922,161.4990234375,20.188887,15.095695,0.11040211684593364
"「Memento Mori手游」完整版抒情诗合集（1080P_320K_中字） - 41.热情的埃达（Song by Mewhan）索尼娅（五十岚裕美）(Av300361986,P41).mp3",2688.740028365672,22.48632532340963,129.19921875,20.201708,14.055734,0.10900067889620481
"【异世界情绪】日文翻唱《ADAM》 - 1.【情绪】ADAM(Av375730284,P1).mp3",2521.73554559596,21.4245483916162,117.45383522727272,20.018532,15.012813,0.10880015503038112
"【异世界情绪】日文翻唱《V〈Re-birth version〉》 - 1.ヰ世界情緒_V（中文字幕）(Av969959488,P1).mp3",2483.7604723861505,22.8448466744167,99.38401442307692,20.450075,11.991571,0.10855175525706326
"▶︎少女レイ (cover) _兔子[めありー] - 1.少女レイ20180727youtubemst(Av32538951,P1).mp3",2625.558583526574,22.43048159174306,151.99908088235293,20.578112,13.944222,0.10837131470450316
Elemental Creation (kamome sano Remix) - kamome sano.wav,2481.8043441522427,22.30051174916924,129.19921875,19.169014,13.001001,0.10781177856090071
"【瓦利斯】原创歌曲 #016《革命バーチャルリアリティ（覚醒 ver.）_革命虚拟现实（觉醒 ver - 1.0222_VALIS_MV_online_zhang(Av211799193,P1).mp3",2794.1323591547866,22.042867094817044,95.703125,20.147755,15.178171,0.10684195534327318
クモヒトデのうまる砂の上で - 桃寝ちのい × 桜苺ちる （cover）.flac,2774.077147032426,22.197493690770404,143.5546875,19.712158,14.916785,0.10675961024331934
ひつじがいっぴき  ⧸ Vivid BAD SQUAD × MEIKO.flac,2372.4964595412453,21.653529623323426,135.99917763157896,19.92971,13.582865,0.10669487243578624
"【櫻花アリス】 透明哀歌 【こぬこ／Cover】 - 1.1(Av1586207,P1).mp3",2558.3200378053,22.0655817683294,112.34714673913044,20.212002,13.653698,0.1057203402504162
"【音街ウナ】初恋日記【香椎モイミ】 - 1.【音街ウナ】初恋日記【香椎モイミ】(Av558130680,P1).mp3",2736.96679183226,22.62181067131829,143.5546875,20.009407,13.724872,0.10538533455290199
"【翻唱】ヨワネハキ feat. 和ぬか, asmi - MAISONdes (Cover) _ KM - 1.ヨワネハキ feat. 和ぬか, asmi - MAISONdes (Cov(Av854121796,P1).mp3",2798.353357806413,23.073450307389127,107.666015625,19.77869,13.0069065,0.10529353432214258
"『音击』ONGEKI Sound Collection 06「Transcend Lights」／赤 - 1.01.Transcend Lights(Av379997392,P1).mp3",2818.2254224818903,22.23857880534332,103.359375,20.528399,14.801751,0.10521546111698013
"【异世界情绪】日文翻唱《初恋日記》 - 1.【异世界情绪】日文翻唱《初恋日記》(Av690615688,P1).mp3",2763.818943472598,22.66627466921117,143.5546875,20.054474,13.756796,0.10505566241901462
"【Giga · q_Left】G4L (完整版)【YouTube Music ver.】 - 1.G4L(Av673284810,P1).mp3",2569.003466649928,21.81795333157067,143.5546875,19.887117,14.257521,0.10484767449894977
"【异世界情绪】#06 《いろはに咲きて_盛开于伊吕波》原创歌曲MV - 1.【情】盛开于伊吕波(Av839098911,P1).mp3",2513.401074003484,21.9424612439846,143.5546875,20.308687,13.709403,0.10450505359783127
"【歌ってみた】MACARON covered by ヰ世界情緒 - 1.ヰ世界情緒_Macaron(Av82653007,P1).mp3",2593.133981044821,21.724555331413804,143.5546875,20.126282,14.559101,0.10448612232368426
"【官方】King Gnu - 《飞行艇》MV - 1.HIKOUTEI_MASTER_0809fin(Av978670080,P1).mp3",2517.8940151079,21.2524662552003,80.74951171875,20.423603,14.826579,0.10424549570517046
"ちゅ、多様性。 - ちのい （cover） - 1.ちゅ、多様性。 - ちのい （cover）(Av652264749,P1).mp3",2988.824481948135,22.68150561435331,151.99908088235293,19.932753,14.929951,0.10399241479756913
"ごめんね ごめんね／森中花咲(cover) - 1.ごめんね ごめんね／森中花咲(cover)(Av201743511,P1).mp3",2740.3970318450897,22.57069943568976,112.34714673913044,20.561293,13.493182,0.10322848518399172
"「若能化作星座」结束乐队／ tvアニメ「孤独摇滚」第12話劇中曲 - 1.【中日歌词_官方MV】「若能化作星座」结束乐队／ tvアニメ「孤独摇滚」第1(Av221640134,P1).mp3",2696.765137994051,22.083343515834738,123.046875,20.388405,14.199467,0.10313709506136753
"【异世界情绪】日文翻唱《熱異常_热异常》 - 1.【异世界情绪】日文翻唱《熱異常_热异常》(Av908754224,P1).mp3",2488.4756349473537,21.77626881386565,92.28515625,20.404291,13.488453,0.10282510214841532
"【歌ってみた】あなぐらぐらし covered by ヰ世界情緒 - 1.ヰ世界情緒_あなぐらぐらし(Av884526676,P1).mp3",2441.580844384406,22.82382631099552,129.19921875,20.961428,11.451294,0.10279186786029237
"かめりあ feat. ななひら - ƒiиorzᾶ - 1.かめりあ feat. ななひら - ƒiиorzᾶ_3(Av592433402,P1).mp3",2760.2138739405223,21.544494505413457,112.34714673913044,20.562004,15.526355,0.10253451791679874
"【异世界情绪】日文翻唱《夜顔の告白_夜颜的告白》 - 1.ヰ世界情緒_夜顔の告白（中文字幕）(Av542494035,P1).mp3",2793.4983222009846,21.7601518881352,103.359375,20.203346,15.157962,0.10197211444767917
"【cc字幕】透明な呼吸  somunia × ヰ世界情緒 - 1.透明な呼吸  somunia × ヰ世界情緒(Av287181202,P1).mp3",2641.47407393113,22.793862757996344,161.4990234375,19.996803,12.542286,0.10145671722123951
"【异世界情绪】#13 「深渊 feat.花谱」原创歌曲MV - 1.【情绪】深渊(Av376208729,P1).mp3",2541.961519820982,21.713869840530474,151.99908088235293,20.134117,14.005399,0.10120530278650403
【歌ってみた】少女レイ ⧸ covered by ヰ世界情緒.wav,2652.268940832351,22.26141123511363,151.99908088235293,20.583273,13.592694,0.10119541420085892
"稲葉曇『ロストアンブレラ』Vo. 歌愛ユキ _ 稻叶昙- Lost Umbrella (Vo. 歌爱 - 1.P1(Av20410843,P1).mp3",2549.824899434027,21.54897385182914,135.99917763157896,20.058702,14.205545,0.10089861722735624
Awake Now 小豆沢 こはね アナザーボーカル プロセカ.flac,2806.0934697227945,21.726694918013127,117.45383522727272,19.299463,15.16107,0.10079753874284032
"もうそう♡えくすぷれす - ちのい （cover） - 1.もうそう♡えくすぷれす - ちのい （cover）(Av949622181,P1).mp3",2919.889456443643,22.553699159705623,99.38401442307692,20.443178,14.1424465,0.10035636660948505
"INTERNET OVERDOSE - ちのい （cover） - 1.INTERNET OVERDOSE - ちのい （cover）(Av482098543,P1).mp3",2967.582152513673,22.60778282349696,161.4990234375,20.193937,14.420319,0.09941484247862459
"Gram VS Kobaryo - Yggdrasil - 1.Gram VS Kobaryo - Yggdrasil【The Requie(Av499586562,P1).mp3",2508.594254695964,21.21792667198865,99.38401442307692,21.11037,14.493076,0.09931358594444875
"[Bassline Yatteru LOL] ベースラインやってる？笑 - Camellia (Fe - 1.繁体中文字幕(Av48101721,P1).mp3",2718.7176499885863,21.85124003258472,129.19921875,20.55949,14.366103,0.09919667298852167
玩具⧸ V.W.P #10【系譜曲】.wav,2540.755886544382,21.029958364815812,161.4990234375,20.11763,15.195558,0.0991343583811117
"知りたい - 水野あつ covered by 存流【cc字幕】 - 1.【歌ってみた】知りたい - 水野あつ covered by 存流(Av547227860,P1).mp3",2610.2433849293548,22.75081331221917,161.4990234375,19.451756,12.159897,0.09900174682446329
"rejection - もう一回をエンドレス feat. 中村さんそ - 1.rejection - もう一回をエンドレス feat. 中村さんそ(Av79877357,P1).mp3",2765.528785906561,22.372583181985625,89.10290948275862,20.281048,13.389714,0.09854072887776624
"稲葉曇『ラグトレイン』Vo. 歌愛ユキ _ 稻叶昙- Lagtrain (Vo. 歌爱雪) - 1.ラグトレイン(Av883823306,P1).mp3",2614.366242288881,21.472403704470214,143.5546875,20.370869,14.519412,0.09843872659018875
"めりぃめりぃろんり～ - ちのい（original） - 1.めりぃめりぃろんり～ - ちのい（original）(Av437054824,P1).mp3",2750.593506547676,22.459495205573784,117.45383522727272,20.131748,13.139721,0.09823168101003628
人マニア - 桃寝ちのい（cover）.flac,2569.01523965565,22.025603080843123,151.99908088235293,19.396358,13.133826,0.0977836278812674
"【奥术魔刃 House】ぱすたすきゃっと _ ななひら(Cover_) - 1.【奥术魔刃 House】ぱすたすきゃっと _ ななひら(Cover-)_ne(Av584260110,P1).mp3",2849.280503745744,21.40097587323099,129.19921875,19.29221,15.704907,0.09769221825853447
"「Memento Mori手游」完整版抒情诗合集（1080P_320K_中字） - 3.X. THE FLOWER （Song by 小仓唯）娜塔夏（小仓唯）(Av300361986,P3).mp3",2484.9822824542184,23.55572052614797,161.4990234375,20.065163,9.833463,0.09763571419493425
"[碧蓝档案]兔兔小队OST113 - 1.[Blue Archive] Theme 113(Av768194583,P1).mp3",2714.15961137237,21.624574716910384,172.265625,19.3781,14.736962,0.0967768011855878
"【异世界情绪】#15 《ディメンション_DIMENSION》原创歌曲MV - 1.ディメンション_zhang2(Av633503357,P1).mp3",2826.8929950940715,21.859676109196077,92.28515625,19.947302,14.474841,0.09666725198063196
"SHIKI _ Pure Ruby  [Long Version] - 1.pure_1920(Av973146424,P1).mp3",2694.694801675453,21.56656975577964,117.45383522727272,20.575674,14.429059,0.09648453131837947
バグ ⧸ 25時、ナイトコードで。 × 鏡音レン.flac,2756.3299222647315,21.286215215257307,184.5703125,19.818245,15.6163225,0.09578855863800814
"【异世界情绪】日文翻唱《パノプティコン_圆形监狱》 - 1.ヰ世界情緒_パノプティコン_zhang(Av509276622,P1).mp3",2643.5658966316246,21.106183612657063,117.45383522727272,20.468979,14.904732,0.09524626309260108
"【异世界情绪】日文翻唱《乙女解剖_少女解剖》 - 1.ヰ世界情緒_乙女解剖_zhang(Av979525573,P1).mp3",2643.8888217119897,21.761705914981576,135.99917763157896,20.27763,13.6682,0.09507534150913527
"【Giga & KIRA】GETCHA!【本家演唱 ver.】 - 1.Giga & KIRA - GETCHA! (Self Cover ver.(Av754722305,P1).mp3",2678.50724489797,21.59305068529902,129.19921875,20.241123,14.016266,0.09402805309227029
Kakeru - Do you love me？ (feat. りんたる).wav,2764.5247978423336,21.35985109238053,151.99908088235293,20.193735,15.020572,0.09388274214294269
"【异世界情绪】日文翻唱《ギャラリア_画廊》 - 1.ヰ世界情緒_ギャラリア_zhang(Av553398807,P1).mp3",2329.8550789613687,21.695770597240585,103.359375,20.01169,11.776058,0.09268412689457164
"【中文字幕】somunia - Unstep feat.ケンモチヒデフミ - 1.somunia - Unstep feat.ケンモチヒデフミ_x264(Av722833489,P1).mp3",2487.41198711075,21.912189928018023,117.45383522727272,20.40297,12.189849,0.09213238865247453
"somunia - 飴色の微熱【cc字幕】 - 1.somunia - 飴色の微熱(Av427584879,P1).mp3",2601.329769253603,21.125498703176333,117.45383522727272,19.6423,14.231837,0.09206345095717955
"Sobrem × Silentroom - Random _ BOFXVII Team [Clue] - 1.Random_youtube (1)(Av719068400,P1).mp3",2719.5748283546422,21.413435281991585,129.19921875,19.4738,14.314586,0.09204574487190303
"【PV】twinkle night 【somunia solo ver】 - 1.twinkle night [somunia solo ver_PV](72(Av795945802,P1).mp3",2908.792240590205,21.459878810072325,86.1328125,18.899055,15.122497,0.09188402546406974
"【Giga】CH4NGE【本家演唱／中文CC字幕】 - 1.Giga - CH4NGEをうたいました (Self Cover) [MCY(Av295162306,P1).mp3",2766.607297003464,21.714763646132788,117.45383522727272,19.474464,13.892253,0.09180530738477374
"【异世界情绪】日文翻唱《運命_命运》 - 1.ヰ世界情緒_運命_zhang(Av893461504,P1).mp3",2657.091446924272,21.65825793358262,89.10290948275862,20.232555,13.366682,0.09124594630517746
"SOS - 桃寝ちのい （cover） - 1.SOS - 桃寝ちのい （cover）(Av823083339,P1).mp3",2846.865737836339,22.40632673131376,135.99917763157896,20.31299,12.938652,0.09089586316434146
PaⅢ.SENSATION ⧸ Vivid BAD SQUAD × 初音ミク × 鏡音リン.flac,2769.497398054492,21.2089689023825,184.5703125,20.295294,15.204892,0.09059003465500952
Angel (feat. 可不)-猫乃ルル.mp3,2783.4020706894403,22.97294242489897,161.4990234375,19.3568,11.421384,0.0890103504989739
Beyond the way ⧸ Vivid BAD SQUAD × 初音ミク.flac,2762.9375950726635,21.00333230364125,123.046875,19.889631,14.890895,0.08845074084612202
"【异世界情绪】日文翻唱《レイニーブーツ_Rainy Boots》 - 1.ヰ世界情緒_レイニーブーツ_zhang(Av978064949,P1).mp3",2709.094878694414,21.367632793850238,143.5546875,20.095463,14.019528,0.08842856986872545
"【BOFU2016】Alice in Misanthrope - LeaF - 1.【BOFU2016】 Alice in Misanthrope -厭世アリス(Av7761098,P1).mp3",2751.433753955505,21.532433423003965,172.265625,19.58905,14.037649,0.08806575132964464
"【FRENZ2013】 B.B.K.K.B.K.K. 【BOF2013】 - 1.1(Av770385,P1).mp3",2862.078323880439,21.25916177389937,172.265625,19.395245,14.910024,0.08665507382955975
"【异世界情绪】日文翻唱《ヴァンパイア_吸血鬼》 - 1.【异世界情绪】日文翻唱《ヴァンパイア_吸血鬼》(Av559561294,P1).mp3",2583.5808180060994,21.27049490048844,161.4990234375,19.9975,13.492235,0.08625468038322653
"【异世界情绪】【音楽的同位体星界】とこしずめ_地镇 ヰ世界情緒 feat. 星界 - 1.【异世界情绪】【音楽的同位体星界】とこしずめ_地镇 ヰ世界情緒 feat. (Av433315834,P1).mp3",2577.536400868081,20.897110624071416,92.28515625,19.648188,13.858062,0.08597161789932488
"【somunia熟肉】[ cover ] nekomeshi - やくしまるえつこ _ somuni - 1.[ cover ] nekomeshi - やくしまるえつこ _ somun(Av64059468,P1).mp3",2697.0854570682604,22.806663401085167,117.45383522727272,20.362507,10.770825,0.0858250872034285
"おくすり飲んで寝よう - 桃寝ちのい （cover） - 1.おくすり飲んで寝よう - 桃寝ちのい （cover）(Av865533343,P1).mp3",3068.9343801228665,21.830543250597135,129.19921875,19.957552,14.307966,0.08499884299891658
"【歌ってみた】共感覚おばけ covered by ヰ世界情緒 - 1.ヰ世界情緒_共感覚おばけ(Av81747125,P1).mp3",2679.207547929294,21.36320930700805,92.28515625,20.148153,13.260533,0.08425323322673368
"[A]ddiction _ GigaReol×EVO+ - 1.1(Av3232086,P1).mp3",2866.123281440633,21.36895872609715,161.4990234375,20.010954,14.211921,0.08332403049326932
"INTERNET YAMERO _ covered by 藍月なくる - 1.INTERNET YAMERO _ covered by 藍月なくる(Av569023930,P1).mp3",2876.527499922367,21.23017605399717,92.28515625,20.325056,14.248783,0.0826386794701878
"【Official Audio】Duplicity Shade _ HyuN feat. Sennz - 1.tst(Av642129802,P1).mp3",2587.954573792999,21.627146972417588,112.34714673913044,21.111816,12.226338,0.08191612193368235
Kobaryo feat. Srezcat - Darkmoon Dissolve.flac,2677.424399755909,21.06740272251949,103.359375,20.001999,13.474708,0.08109578417889983
"【异世界情绪】【音楽的同位体星界】異星にいこうね_去往异星吧 ヰ世界情緒 feat. 星界 - 1.【异世界情绪】【音楽的同位体星界】異星にいこうね_去往异星吧 ヰ世界情緒 f(Av262779075,P1).mp3",2452.040929470886,21.398833538544302,95.703125,19.91178,11.646493,0.07939392874191151
"Toby Fox - MEGALOVANIA (Camellia Remix) - 1.videoplayback_Mux(Av67778046,P1).mp3",2674.913977266349,20.847351024709432,123.046875,20.965746,13.836002,0.07937766613855352
RAPHIIEL - Ведьма Ведьма Ведьма!.flac,2811.340279536248,21.741625149577192,89.10290948275862,21.330965,12.661117,0.07918424847997982
"悶々ふぁんもおらん - 桃寝ちのい （cover） - 1.悶々ふぁんもおらん - 桃寝ちのい （cover）(Av908915179,P1).mp3",2859.743761415896,21.52893955839333,123.046875,19.819595,13.070744,0.07832285327064548
"幸福な死を - 桃寝ちのい （cover） - 1.幸福な死を - 桃寝ちのい （cover）(Av483465375,P1).mp3",2915.724538486032,22.193962749363443,86.1328125,20.823807,12.03341,0.07824175139016148
"【BOF_ET】Sobrem - slic.hertz - 1.video_20221003_083035_edit(Av516191809,P1).mp3",2673.2710118154137,20.867538203716123,143.5546875,19.3638,13.630499,0.07810685348285254
"Rejection - Signal (ft. SUCH) _ Future Core 2020 - 1.Rejection - Signal (ft. SUCH) - Future(Av330120766,P1).mp3",2791.2057385609505,21.80412960194765,117.45383522727272,20.71119,12.239272,0.07795779915130847
"ロータスイーター - ちのい （cover） - 1.ロータスイーター - ちのい （cover）(Av864415142,P1).mp3",2954.7211847057465,21.41748306584955,95.703125,19.743137,13.313257,0.07560491461140507
Shuhei __Imperial Circus Dead Decadence- _黄泉より聴こゆ.mp3,2891.4565216435144,21.296826145209454,112.34714673913044,21.357685,13.339179,0.07496806065847263
"山茶花 Camellia かめりあ - Exit This Earth's Atomosphere - 1.Camellia - Exit This Earth's Atomosphe(Av286636372,P1).mp3",2666.745047742699,21.118904439888556,172.265625,20.778833,12.968903,0.07493803618524167
かめりあ - Electromagnetic Stealth Girl Born In Philadelphia.mp3,2730.144834539906,20.37507233807376,129.19921875,20.598055,14.430254,0.07485288902254189
"【USAO】Try again【Bright Colors 4】 - 1.1(Av17716422,P1).mp3",2807.1609251837413,20.9408589172415,86.1328125,20.680721,13.55605,0.07455587967924351
"【病娇少女之歌】 要有礼貌哦 - 1.【病娇少女之歌】 要有礼貌哦(Av771007017,P1).mp3",2578.740074461583,20.955317452974395,129.19921875,19.974197,12.202189,0.07070485469219753
"#1f1e33 (Another long ''''#ant1p01e'''' version) - - 1.''''#ant1p01e'''' version(Av976702292,P1).mp3",2757.434878637768,20.910095550755468,123.046875,20.983887,12.816687,0.06904706854619566
"t+pazolite - Cheatreal #TPZREMAKE - 1.t+pazolite - Cheatreal #TPZREMAKE-3hPf(Av247499138,P1).mp3",2768.3749836027077,20.27852848579377,99.38401442307692,20.590998,13.925358,0.06816901119732345
【BOFXVI】Angel's Salad【BGA】.flac,2562.8266852178194,19.228822776196512,117.45383522727272,19.598629,15.056437,0.0666004775937038
"【异世界情绪】日文翻唱《ロスト・デリュージョン_Lost Delusion》 - 1.【异世界情绪】日文翻唱《ロスト・デリュージョン_Lost Delusion》(Av685580055,P1).mp3",2507.5158144467896,20.2617630340173,129.19921875,20.061129,12.778971,0.06573706612578145
"【BSWC 2022 Grand Finals Tiebreaker】Kry.exe feat. I - 1.【BSWC 2022 Grand Finals Tiebreaker】Kry(Av514682052,P1).mp3",2875.377699906514,20.68444483209716,117.45383522727272,20.780848,13.051391,0.06426021052634359
STEREOTYPE - Abracadabra - (PsyCore Series No.1) (320 kbps).mp3,2551.477021721776,21.18600005985722,161.4990234375,20.836557,11.111151,0.06394868619445176
Strange Arrival - Bruford.mp3,2715.5522163213,20.26882529546197,161.4990234375,20.6135,13.356967,0.06351601437511054
"Kobaryo - Glitched Character - 1.Kobaryo - Glitched Character-s4KeHXqVb(Av671656787,P1).mp3",3027.982119377176,20.44850230805981,112.34714673913044,20.549313,13.739348,0.06222479551443233
Palace of Melancholia ⧸ かたぎり [Corsace Open Grand Finals Tiebreaker].flac,2786.677989341365,19.86632540874293,112.34714673913044,20.838055,14.079039,0.061987163868454674
BetoRtallu - かたぎり(katagiri) - STRONG 280（Long ver.）.mp3,2945.134656337416,19.75547865588713,92.28515625,20.398108,14.778918,0.061886376198294527
"论Sound Chimera切换了多少种曲风 - 1.Sound Chimera_1(Av850624827,P1).mp3",2830.2716690440684,19.77580077132972,95.703125,20.64521,14.161273,0.06017815606684171
"【OWC2021 Grand Finals Tiebreaker】Yooh - RPG - 1.[osu!] Yooh - RPG (OWC2021 Grand Final(Av634326949,P1).mp3",2955.306106799347,20.26487775653462,107.666015625,20.924685,13.598321,0.06007504999726011
Ad astra per aspera.flac,2982.7538904088624,20.67679087649271,99.38401442307692,20.457527,12.833223,0.059891057455557575
DJ Myosuke & Gram & t+pazolite - Σ.wav,2778.6927108961263,19.485807099921654,112.34714673913044,19.97437,14.489488,0.05968435377511789
"DJ Myosuke - Virtual Euphoria【HARDCORE TANO_C】 - 1.DJ Myosuke - Virtual Euphoria【HARDCORE(Av693544487,P1).mp3",2713.295430299748,19.64761848054168,172.265625,20.281963,14.130572,0.05960318606856243
Laur - Chaos Emperor.mp3,2773.2377889387067,19.89677962017175,95.703125,19.920433,13.578499,0.058957257672466415
Hellfish - Doctor Beak.mp3,2571.692066927039,19.322499563870142,99.38401442307692,20.59174,13.939249,0.05745951946243233
Let's Rock.flac,2882.5903945529594,19.799259923571853,103.359375,20.182589,13.914986,0.05739281784036823
"【Arcaea】C-Show - GIMME DA BLOOD - 1.【Arcaea】C-Show - GIMME DA BLOOD(Av972121198,P1).mp3",2864.988264574423,19.7395470956378,112.34714673913044,19.458153,13.971512,0.05722019075721504
"Laur - Viyella's Nightmare - 1.Laur - Viyella’s Nightmare [2nd Album (Av808180859,P1).mp3",2859.3181264794357,20.42787467154225,112.34714673913044,20.605083,12.50184,0.05639710681278923
"USAO - Big Daddy - 1.USAO - Big Daddy(Av53583384,P1).mp3",2773.963178448667,19.842120361831032,95.703125,20.524382,13.380479,0.05625740456406826
Kobaryo - SUPER REACTOR X [feat. HiTNEX-X].flac,3010.921324667332,20.406707598851614,151.99908088235293,20.044102,12.997785,0.05614221018925959
Strange Arrival - Dissolve.mp3,2840.30091913814,19.62526152697004,161.4990234375,20.705296,14.068987,0.05604076546116232
"C-Show VS DJ Genki - BLACK LABEL - 1.C-Show VS DJ Genki - BLACK LABEL(Av947212375,P1).mp3",2861.299131457024,20.073386168979024,172.265625,19.99318,13.171327,0.05523055063354185
Strange Arrival - Plastic Death.mp3,2679.5305971681723,19.72764898100816,172.265625,20.464144,13.207319,0.0539665961035081
【BOFXVII】 Lidelle x Sobrem x Sennzai - self-dissociation【BGA】.flac,2646.2273043860555,21.390583164826968,95.703125,19.90048,9.696545,0.05378974977966971
Strange Arrival - Interior Deterioration.mp3,2739.1095146165853,19.88529495028363,151.99908088235293,20.65136,12.613625,0.050823842847660436
【BOFXVII】saaa ft. MC iwata Bros. - Head BONK ache【BGA】.wav,2846.322091046609,19.801378936238148,161.4990234375,19.599834,12.879247,0.04924801140131273
"USAO-WildFire - 1.USAO-WildFire(Av507336583,P1).mp3",2936.6095896343545,19.769338643920804,103.359375,20.192314,13.04916,0.04890160270231571
"Laur - DANGEROOOOUS JUNGLE (Extended) - 1.Laur - DANGEROOOOUS JUNGLE (Extended)(Av605133296,P1).mp3",2902.711048045847,19.58905539399507,161.4990234375,20.310577,13.353356,0.048758587467430343
Igneon System & Karbyde - TriggerFinger.mp3,2580.225885463616,19.56428348382132,172.265625,20.523684,12.511354,0.047291436762636085
"OZIGIRI - ぼっち・ざ・ぐらいんど！ BOCCHI THE GRIND! - 1.OZIGIRI - ぼっち・ざ・ぐらいんど！ BOCCHI THE GRIN(Av476954412,P1).mp3",2842.486869607625,19.42934916500084,117.45383522727272,19.229286,13.221459,0.046522563630371355
"DJ Myosuke - Behemoth (Extended Mix)【太鼓の達人】 - 1.DJ Myosuke - Behemoth (Extended Mix)【太(Av439269572,P1).mp3",3006.071006875589,19.20098789695008,95.703125,20.214989,13.935154,0.04580227937116799
Hellfish - The Decimator.mp3,2918.96365757908,19.33889282781662,107.666015625,20.522846,13.297499,0.0445952578799845
Kill 'Em All.wav,2674.8772852441425,19.576279714863706,92.28515625,19.961016,12.227468,0.0439442451137592
かたぎり - かたぎりの長い午後 - One of Us.flac,2952.827031048296,19.092699152089114,129.19921875,20.494852,13.224951,0.03979362477060179
RVOLT - Out Of Control.mp3,3020.553702621878,18.979875034423834,99.38401442307692,20.167665,12.825072,0.03395154024447662
